Workbook

Sheet DEC-24
A2: MONTH | B2: 45627
D3: KAYE | F3: SIKASSO | H3: SEGOU | J3: KUTIALLA | L3: MOPTI | N3: TOTAL
B4: PRODUCT NAME | C4: CIF | D4: Unit | E4: value | F4: Unit | G4: Value | H4: Unit | I4: Value | J4: Unit | K4: Value | L4: Unit | M4: Value | N4: Unit | O4: Value
A5: 1 | B5: AQUANATE | C5: 0.99 | D5: 2219 | E5: =D5*C5 -> 2196.81 | F5: 144 | G5: =F5*C5 -> 142.56 | H5: 5737 | I5: =H5*C5 -> 5679.63 | J5: 356 | K5: =J5*C5 -> 352.44 | L5: 4329 | M5: =L5*C5 -> 4285.71 | N5: =D5+F5+H5+J5+L5 -> 12785 | O5: =N5*C5 -> 12657.15
A6: 2 | B6: BACTOXIME SYRP | C6: 2.29 | D6: 102 | E6: =D6*C6 -> 233.58 | F6: 78 | G6: =F6*C6 -> 178.62 | H6: 97 | I6: =H6*C6 -> 222.13 | J6: 156 | K6: =J6*C6 -> 357.24 | L6: 102 | M6: =L6*C6 -> 233.58 | N6: =D6+F6+H6+J6+L6 -> 535 | O6: =N6*C6 -> 1225.15
A7: 3 | B7: BACTOXIME 200 | C7: 3.66 | D7: 116 | E7: =D7*C7 -> 424.56 | F7: 65 | G7: =F7*C7 -> 237.9 | H7: 204 | I7: =H7*C7 -> 746.64 | J7: 205 | K7: =J7*C7 -> 750.3 | L7: 180 | M7: =L7*C7 -> 658.8 | N7: =D7+F7+H7+J7+L7 -> 770 | O7: =N7*C7 -> 2818.2
A8: 4 | B8: ESOPRA 20 | C8: 2.81 | D8: 23 | E8: =D8*C8 -> 64.63 | F8: 8 | G8: =F8*C8 -> 22.48 | H8: 13 | I8: =H8*C8 -> 36.53 | J8: 5 | K8: =J8*C8 -> 14.05 | L8: 10 | M8: =L8*C8 -> 28.1 | N8: =D8+F8+H8+J8+L8 -> 59 | O8: =N8*C8 -> 165.79
A9: 5 | B9: ESOPRA 40 | C9: 3.46 | D9: 80 | E9: =D9*C9 -> 276.8 | F9: 20 | G9: =F9*C9 -> 69.2 | H9: 29 | I9: =H9*C9 -> 100.34 | J9: 10 | K9: =J9*C9 -> 34.6 | L9: 14 | M9: =L9*C9 -> 48.44 | N9: =D9+F9+H9+J9+L9 -> 153 | O9: =N9*C9 -> 529.38
A10: 6 | B10: METAREN | C10: 1.06 | D10: 27 | E10: =D10*C10 -> 28.62 | F10: 34 | G10: =F10*C10 -> 36.04 | H10: 22 | I10: =H10*C10 -> 23.32 | J10: 34 | K10: =J10*C10 -> 36.04 | L10: 52 | M10: =L10*C10 -> 55.12 | N10: =D10+F10+H10+J10+L10 -> 169 | O10: =N10*C10 -> 179.14
A11: 7 | B11: DIP3 | C11: 3.63 | D11: 8 | E11: =D11*C11 -> 29.04 | F11: ='UBIPHARM-OUTSTATION'!P11+'LABOREX OUTSTATION'!P11 -> 0 | G11: =F11*C11 -> 0 | H11: 0 | I11: =H11*C11 -> 0 | J11: 1 | K11: =J11*C11 -> 3.63 | L11: 10 | M11: =L11*C11 -> 36.3 | N11: =D11+F11+H11+J11+L11 -> 19 | O11: =N11*C11 -> 68.97
A12: 8 | B12: PALUCURE 20/120 | C12: 0.85 | D12: 0 | E12: =D12*C12 -> 0 | F12: 9 | G12: =F12*C12 -> 7.65 | H12: 3 | I12: =H12*C12 -> 2.55 | J12: 10 | K12: =J12*C12 -> 8.5 | L12: 12 | M12: =L12*C12 -> 10.2 | N12: =D12+F12+H12+J12+L12 -> 34 | O12: =N12*C12 -> 28.9
A13: 9 | B13: PALUCURE 80/480 | C13: 1.98 | D13: 246 | E13: =D13*C13 -> 487.08 | F13: 120 | G13: =F13*C13 -> 237.6 | H13: 164 | I13: =H13*C13 -> 324.72 | J13: 63 | K13: =J13*C13 -> 124.74 | L13: 174 | M13: =L13*C13 -> 344.52 | N13: =D13+F13+H13+J13+L13 -> 767 | O13: =N13*C13 -> 1518.66
A14: 10 | B14: PALUCURE 40/240 | C14: 1.98 | D14: 19 | E14: =D14*C14 -> 37.62 | F14: 13 | G14: =F14*C14 -> 25.74 | H14: 19 | I14: =H14*C14 -> 37.62 | J14: 21 | K14: =J14*C14 -> 41.58 | L14: 24 | M14: =L14*C14 -> 47.52 | N14: =D14+F14+H14+J14+L14 -> 96 | O14: =N14*C14 -> 190.08
A15: 11 | B15: TRACLAV1125 | C15: 4.69 | D15: 34 | E15: =D15*C15 -> 159.46 | F15: 18 | G15: =F15*C15 -> 84.42 | H15: 7 | I15: =H15*C15 -> 32.83 | J15: 10 | K15: =J15*C15 -> 46.9 | L15: 19 | M15: =L15*C15 -> 89.11 | N15: =D15+F15+H15+J15+L15 -> 88 | O15: =N15*C15 -> 412.72
A16: 12 | B16: TRACLAV 625 | C16: 2.9 | D16: 32 | E16: =D16*C16 -> 92.8 | F16: 8 | G16: =F16*C16 -> 23.2 | H16: 4 | I16: =H16*C16 -> 11.6 | J16: 13 | K16: =J16*C16 -> 37.7 | L16: 22 | M16: =L16*C16 -> 63.8 | N16: =D16+F16+H16+J16+L16 -> 79 | O16: =N16*C16 -> 229.1
A17: 13 | B17: TRACLAV 1.2 | C17: 1.5 | D17: 217 | E17: =D17*C17 -> 325.5 | F17: ='UBIPHARM-OUTSTATION'!P19+'LABOREX OUTSTATION'!P19 -> 0 | G17: =F17*C17 -> 0 | H17: 70 | I17: =H17*C17 -> 105 | J17: 14.5 | K17: =J17*C17 -> 21.75 | L17: 120 | M17: =L17*C17 -> 180 | N17: =D17+F17+H17+J17+L17 -> 421.5 | O17: =N17*C17 -> 632.25
B18: TOTAL | E18: =SUM(E5:E17) -> 4356.5 | G18: =SUM(G5:G17) -> 1065.41 | I18: =SUM(I5:I17) -> 7322.91 | K18: =SUM(K5:K17) -> 1829.47 | M18: =SUM(M5:M17) -> 6081.2 | O18: =SUM(E18+G18+I18+K18+M18) -> 20655.49

Sheet BAMAKO FINAL
A2: MONTH | B2: 45748
D3: COMMUNE 1 | F3: COMMUNE 2 | H3: TOTAL | J3: COMMUNE 3 | L3: COMMUNE 4 | N3: TOTAL | P3: COMMUNE 5 | R3: COMMUNE 6 | T3: KOULIKORO | V3: KATI | X3: TOTAL | Z3: BAMAKO/5
B4: PRODUCT NAME | C4: CIF | D4: Unit | E4: value | F4: Unit | G4: Value | H4: Unit | I4: Value | J4: Unit | K4: Value | L4: Unit | M4: Value | N4: Unit | O4: Value | P4: Unit | Q4: Value | R4: Unit | S4: Value | T4: Unit | U4: Value | V4: Unit | W4: Value | X4: Unit | Y4: Value | Z4: Unit | AA4: Value
A5: 1 | B5: AQUANATE | C5: 0.99 | D5: 1333 | E5: =D5*C5 -> 1319.67 | F5: 282 | G5: =F5*C5 -> 279.18 | H5: =D5+F5 -> 1615 | I5: =C5*H5 -> 1598.85 | J5: 862 | K5: =J5*C5 -> 853.38 | L5: 649 | M5: =L5*C5 -> 642.51 | N5: =J5+L5 -> 1511 | O5: =C5*N5 -> 1495.89 | P5: 1528 | Q5: =P5*C5 -> 1512.72 | R5: 1161 | S5: =R5*C5 -> 1149.39 | U5: =T5*C5 -> 0 | V5: 5850 | W5: =V5*C5 -> 5791.5 | X5: =D5+F5+J5+L5+P5+R5+T5+V5 -> 11665 | Y5: =X5*C5 -> 11548.35 | Z5: =X5/5 -> 2333 | AA5: =Z5*C5 -> 2309.67
A6: 2 | B6: BACTOXIME SYRP | C6: 2.29 | D6: 51 | E6: =D6*C6 -> 116.79 | F6: 15 | G6: =F6*C6 -> 34.35 | H6: =D6+F6 -> 66 | I6: =C6*H6 -> 151.14 | J6: 15 | K6: =J6*C6 -> 34.35 | L6: 59 | M6: =L6*C6 -> 135.11 | N6: =J6+L6 -> 74 | O6: =C6*N6 -> 169.46 | P6: 43 | Q6: =P6*C6 -> 98.47 | R6: 168 | S6: =R6*C6 -> 384.72 | U6: =T6*C6 -> 0 | V6: 35 | W6: =V6*C6 -> 80.15 | X6: =D6+F6+J6+L6+P6+R6+T6+V6 -> 386 | Y6: =X6*C6 -> 883.94 | Z6: =X6/5 -> 77.2 | AA6: =Z6*C6 -> 176.788
A7: 3 | B7: BACTOXIME 200 | C7: 3.66 | D7: 49 | E7: =D7*C7 -> 179.34 | F7: 18 | G7: =F7*C7 -> 65.88 | H7: =D7+F7 -> 67 | I7: =C7*H7 -> 245.22 | J7: 19 | K7: =J7*C7 -> 69.54 | L7: 25 | M7: =L7*C7 -> 91.5 | N7: =J7+L7 -> 44 | O7: =C7*N7 -> 161.04 | P7: 65 | Q7: =P7*C7 -> 237.9 | R7: 99 | S7: =R7*C7 -> 362.34 | U7: =T7*C7 -> 0 | V7: 72 | W7: =V7*C7 -> 263.52 | X7: =D7+F7+J7+L7+P7+R7+T7+V7 -> 347 | Y7: =X7*C7 -> 1270.02 | Z7: =X7/5 -> 69.4 | AA7: =Z7*C7 -> 254.004
A8: 4 | B8: ESOPRA 20 | C8: 2.81 | D8: 9 | E8: =D8*C8 -> 25.29 | F8: 10 | G8: =F8*C8 -> 28.1 | H8: =D8+F8 -> 19 | I8: =C8*H8 -> 53.39 | J8: 7 | K8: =J8*C8 -> 19.67 | L8: 16 | M8: =L8*C8 -> 44.96 | N8: =J8+L8 -> 23 | O8: =C8*N8 -> 64.63 | P8: 9 | Q8: =P8*C8 -> 25.29 | R8: 8 | S8: =R8*C8 -> 22.48 | U8: =T8*C8 -> 0 | V8: 5 | W8: =V8*C8 -> 14.05 | X8: =D8+F8+J8+L8+P8+R8+T8+V8 -> 64 | Y8: =X8*C8 -> 179.84 | Z8: =X8/5 -> 12.8 | AA8: =Z8*C8 -> 35.968
A9: 5 | B9: ESOPRA 40 | C9: 3.46 | D9: 18 | E9: =D9*C9 -> 62.28 | F9: 5 | G9: =F9*C9 -> 17.3 | H9: =D9+F9 -> 23 | I9: =C9*H9 -> 79.58 | J9: 20 | K9: =J9*C9 -> 69.2 | L9: 40 | M9: =L9*C9 -> 138.4 | N9: =J9+L9 -> 60 | O9: =C9*N9 -> 207.6 | P9: 38 | Q9: =P9*C9 -> 131.48 | R9: 43 | S9: =R9*C9 -> 148.78 | U9: =T9*C9 -> 0 | V9: 82 | W9: =V9*C9 -> 283.72 | X9: =D9+F9+J9+L9+P9+R9+T9+V9 -> 246 | Y9: =X9*C9 -> 851.16 | Z9: =X9/5 -> 49.2 | AA9: =Z9*C9 -> 170.232
A10: 6 | B10: METAREN | C10: 1.06 | D10: 86 | E10: =D10*C10 -> 91.16 | F10: 8 | G10: =F10*C10 -> 8.48 | H10: =D10+F10 -> 94 | I10: =C10*H10 -> 99.64 | J10: 6 | K10: =J10*C10 -> 6.36 | L10: 42 | M10: =L10*C10 -> 44.52 | N10: =J10+L10 -> 48 | O10: =C10*N10 -> 50.88 | P10: 60 | Q10: =P10*C10 -> 63.6 | R10: 66 | S10: =R10*C10 -> 69.96 | U10: =T10*C10 -> 0 | V10: 13 | W10: =V10*C10 -> 13.78 | X10: =D10+F10+J10+L10+P10+R10+T10+V10 -> 281 | Y10: =X10*C10 -> 297.86 | Z10: =X10/5 -> 56.2 | AA10: =Z10*C10 -> 59.572
A11: 7 | B11: DIP3 | C11: 3.63 | D11: 8 | E11: =D11*C11 -> 29.04 | F11: 1 | G11: =F11*C11 -> 3.63 | H11: =D11+F11 -> 9 | I11: =C11*H11 -> 32.67 | J11: 0 | K11: =J11*C11 -> 0 | L11: 0 | M11: =L11*C11 -> 0 | N11: =J11+L11 -> 0 | O11: =C11*N11 -> 0 | P11: 4 | Q11: =P11*C11 -> 14.52 | R11: 5 | S11: =R11*C11 -> 18.15 | U11: =T11*C11 -> 0 | V11: 0 | W11: =V11*C11 -> 0 | X11: =D11+F11+J11+L11+P11+R11+T11+V11 -> 18 | Y11: =X11*C11 -> 65.34 | Z11: =X11/5 -> 3.6 | AA11: =Z11*C11 -> 13.068
A12: 8 | B12: PALUCURE 20/120 | C12: 0.85 | D12: 4 | E12: =D12*C12 -> 3.4 | F12: 8 | G12: =F12*C12 -> 6.8 | H12: =D12+F12 -> 12 | I12: =C12*H12 -> 10.2 | J12: 47 | K12: =J12*C12 -> 39.95 | L12: 0 | M12: =L12*C12 -> 0 | N12: =J12+L12 -> 47 | O12: =C12*N12 -> 39.95 | P12: 45 | Q12: =P12*C12 -> 38.25 | R12: 7 | S12: =R12*C12 -> 5.95 | U12: =T12*C12 -> 0 | V12: 9 | W12: =V12*C12 -> 7.65 | X12: =D12+F12+J12+L12+P12+R12+T12+V12 -> 120 | Y12: =X12*C12 -> 102 | Z12: =X12/5 -> 24 | AA12: =Z12*C12 -> 20.4
A13: 9 | B13: PALUCURE 80/480 | C13: 1.98 | D13: 57 | E13: =D13*C13 -> 112.86 | F13: 33 | G13: =F13*C13 -> 65.34 | H13: =D13+F13 -> 90 | I13: =C13*H13 -> 178.2 | J13: 16 | K13: =J13*C13 -> 31.68 | L13: 51 | M13: =L13*C13 -> 100.98 | N13: =J13+L13 -> 67 | O13: =C13*N13 -> 132.66 | P13: 118 | Q13: =P13*C13 -> 233.64 | R13: 128 | S13: =R13*C13 -> 253.44 | U13: =T13*C13 -> 0 | V13: 121 | W13: =V13*C13 -> 239.58 | X13: =D13+F13+J13+L13+P13+R13+T13+V13 -> 524 | Y13: =X13*C13 -> 1037.52 | Z13: =X13/5 -> 104.8 | AA13: =Z13*C13 -> 207.504
A14: 10 | B14: PALUCURE 40/240 | C14: 1.98 | D14: 6 | E14: =D14*C14 -> 11.88 | F14: 2 | G14: =F14*C14 -> 3.96 | H14: =D14+F14 -> 8 | I14: =C14*H14 -> 15.84 | J14: 9 | K14: =J14*C14 -> 17.82 | L14: 14 | M14: =L14*C14 -> 27.72 | N14: =J14+L14 -> 23 | O14: =C14*N14 -> 45.54 | P14: 24 | Q14: =P14*C14 -> 47.52 | R14: 38 | S14: =R14*C14 -> 75.24 | U14: =T14*C14 -> 0 | V14: 21 | W14: =V14*C14 -> 41.58 | X14: =D14+F14+J14+L14+P14+R14+T14+V14 -> 114 | Y14: =X14*C14 -> 225.72 | Z14: =X14/5 -> 22.8 | AA14: =Z14*C14 -> 45.144
A15: 11 | B15: TRACLAV1125 | C15: 4.69 | D15: 17 | E15: =D15*C15 -> 79.73 | F15: 14 | G15: =F15*C15 -> 65.66 | H15: =D15+F15 -> 31 | I15: =C15*H15 -> 145.39 | J15: 4 | K15: =J15*C15 -> 18.76 | L15: 39 | M15: =L15*C15 -> 182.91 | N15: =J15+L15 -> 43 | O15: =C15*N15 -> 201.67 | P15: 82 | Q15: =P15*C15 -> 384.58 | R15: 142 | S15: =R15*C15 -> 665.98 | U15: =T15*C15 -> 0 | V15: 16 | W15: =V15*C15 -> 75.04 | X15: =D15+F15+J15+L15+P15+R15+T15+V15 -> 314 | Y15: =X15*C15 -> 1472.66 | Z15: =X15/5 -> 62.8 | AA15: =Z15*C15 -> 294.532
A16: 12 | B16: TRACLAV 625 | C16: 2.9 | D16: 27 | E16: =D16*C16 -> 78.3 | F16: 10 | G16: =F16*C16 -> 29 | H16: =D16+F16 -> 37 | I16: =C16*H16 -> 107.3 | J16: 5 | K16: =J16*C16 -> 14.5 | L16: 47 | M16: =L16*C16 -> 136.3 | N16: =J16+L16 -> 52 | O16: =C16*N16 -> 150.8 | P16: 36 | Q16: =P16*C16 -> 104.4 | R16: 36 | S16: =R16*C16 -> 104.4 | U16: =T16*C16 -> 0 | V16: 10 | W16: =V16*C16 -> 29 | X16: =D16+F16+J16+L16+P16+R16+T16+V16 -> 171 | Y16: =X16*C16 -> 495.9 | Z16: =X16/5 -> 34.2 | AA16: =Z16*C16 -> 99.18
A17: 13 | B17: TRACLAV 1.2 | C17: 1.5 | D17: 138 | E17: =D17*C17 -> 207 | F17: 0 | G17: =F17*C17 -> 0 | H17: =D17+F17 -> 138 | I17: =C17*H17 -> 207 | J17: 24 | K17: =J17*C17 -> 36 | L17: 122 | M17: =L17*C17 -> 183 | N17: =J17+L17 -> 146 | O17: =C17*N17 -> 219 | P17: 0 | Q17: =P17*C17 -> 0 | R17: 39 | S17: =R17*C17 -> 58.5 | U17: =T17*C17 -> 0 | V17: 146 | W17: =V17*C17 -> 219 | X17: =D17+F17+J17+L17+P17+R17+T17+V17 -> 469 | Y17: =X17*C17 -> 703.5 | Z17: =X17/5 -> 93.8 | AA17: =Z17*C17 -> 140.7
B18: TOTAL | E18: =SUM(E5:E17) -> 2316.74 | G18: =SUM(G5:G17) -> 607.68 | I18: =SUM(I5:I17) -> 2924.42 | K18: =SUM(K5:K17) -> 1211.21 | M18: =SUM(M5:M17) -> 1727.91 | O18: =SUM(O5:O17) -> 2939.12 | Q18: =SUM(Q5:Q17) -> 2892.37 | S18: =SUM(S5:S17) -> 3319.33 | U18: =SUM(U5:U17) -> 0 | W18: =SUM(W5:W17) -> 7058.57 | Y18: =I18+O18+Q18+S18+W18 -> 19133.81 | AA18: =SUM(AA5:AA17) -> 3826.762

Sheet BAMAKO POOL-UBIPHARM
A2: MONTH | B2: 45962 | D2: BAMAKO EST | H2: BAMAKO OUEST | L2: BAMAKO RIVE DROITE | R2: BAMAKO CENTRE
D3: COMMUNE 1 | F3: COMMUNE 2 | H3: COMMUNE 3 | J3: COMMUNE 4 | L3: COMMUNE 5 | N3: COMMUNE 6 | P3: KOULIKORO | R3: KATI | T3: TOTAL
B4: PRODUCT NAME | C4: CIF | D4: Unit | E4: value | F4: Unit | G4: Value | H4: Unit | I4: Value | J4: Unit | K4: Value | L4: Unit | M4: Value | N4: Unit | O4: Value | P4: Unit | Q4: Value | R4: Unit | S4: Value | T4: Unit | U4: Value
A5: 1 | B5: AQUANATE | C5: 0.99 | D5: 65 | E5: =D5*C5 -> 64.35 | G5: =F5*A5 -> 0 | H5: 142 | I5: =H5*C5 -> 140.58 | K5: =J5*C5 -> 0 | L5: 337 | M5: =L5*C5 -> 333.63 | N5: 700 | O5: =N5* C5 -> 693 | Q5: =P5*C5 -> 0 | R5: 3000 | S5: =R5*C5 -> 2970 | T5: =D5+F5+H5+J5+L5+N5+P5+R5 -> 4244 | U5: =T5*C5 -> 4201.56
A6: 2 | B6: BACTOXIME SYRP | C6: 2.29 | D6: 2 | E6: =D6*C6 -> 4.58 | G6: =F6*A6 -> 0 | H6: 5 | I6: =H6*C6 -> 11.45 | K6: =J6*C6 -> 0 | L6: 0 | M6: =L6*C6 -> 0 | N6: 1 | O6: =N6*C6 -> 2.29 | Q6: =P6*C6 -> 0 | R6: 0 | S6: =R6*C6 -> 0 | T6: =D6+F6+H6+J6+L6+N6+P6+R6 -> 8 | U6: =T6*C6 -> 18.32
A7: 3 | B7: BACTOXIME 200 | C7: 3.66 | D7: 54 | E7: =D7*C7 -> 197.64 | G7: =F7*A7 -> 0 | H7: 88 | I7: =H7*C7 -> 322.08 | K7: =J7*C7 -> 0 | L7: 120 | M7: =L7*C7 -> 439.2 | N7: 126 | O7: =N7*C7 -> 461.16 | Q7: =P7*C7 -> 0 | R7: 100 | S7: =R7*C7 -> 366 | T7: =D7+F7+H7+J7+L7+N7+P7+R7 -> 488 | U7: =T7*C7 -> 1786.08
A8: 4 | B8: ESOPRA 20 | C8: 2.81 | D8: 20 | E8: =D8*C8 -> 56.2 | G8: =F8*A8 -> 0 | H8: 22 | I8: =H8*C8 -> 61.82 | K8: =J8*C8 -> 0 | L8: 15 | M8: =L8*C8 -> 42.15 | N8: 16 | O8: =N8*C8 -> 44.96 | Q8: =P8*C8 -> 0 | R8: 20 | S8: =R8*C8 -> 56.2 | T8: =D8+F8+H8+J8+L8+N8+P8+R8 -> 93 | U8: =T8*C8 -> 261.33
A9: 5 | B9: ESOPRA 40 | C9: 3.46 | D9: 16 | E9: =D9*C9 -> 55.36 | G9: =F9*A9 -> 0 | H9: 25 | I9: =H9*C9 -> 86.5 | K9: =J9*C9 -> 0 | L9: 27 | M9: =L9*C9 -> 93.42 | N9: 27 | O9: =N9*C9 -> 93.42 | Q9: =P9*C9 -> 0 | R9: 30 | S9: =R9*C9 -> 103.8 | T9: =D9+F9+H9+J9+L9+N9+P9+R9 -> 125 | U9: =T9*C9 -> 432.5
A10: 6 | B10: METAREN | C10: 1.06 | D10: 0 | E10: =D10*C10 -> 0 | G10: =F10*A10 -> 0 | H10: 0 | I10: =H10*C10 -> 0 | K10: =J10*C10 -> 0 | L10: 0 | M10: =L10*C10 -> 0 | N10: 0 | O10: =N10*C10 -> 0 | Q10: =P10*C10 -> 0 | R10: 0 | S10: =R10*C10 -> 0 | T10: =D10+F10+H10+J10+L10+N10+P10+R10 -> 0 | U10: =T10*C10 -> 0
A11: 7 | B11: DIP3 | C11: 3.63 | D11: 0 | E11: =D11*C11 -> 0 | G11: =F11*A11 -> 0 | H11: 0 | I11: =H11*C11 -> 0 | K11: =J11*C11 -> 0 | L11: 0 | M11: =L11*C11 -> 0 | N11: 0 | O11: =N11*C11 -> 0 | Q11: =P11*C11 -> 0 | R11: 0 | S11: =R11*C11 -> 0 | T11: =D11+F11+H11+J11+L11+N11+P11+R11 -> 0 | U11: =T11*C11 -> 0
A12: 8 | B12: PALUCURE 20/120 | C12: 0.85 | D12: 9 | E12: =D12*C12 -> 7.65 | G12: =F12*A12 -> 0 | H12: 55 | I12: =H12*C12 -> 46.75 | K12: =J12*C12 -> 0 | L12: 22 | M12: =L12*C12 -> 18.7 | N12: 100 | O12: =N12*C12 -> 85 | Q12: =P12*C12 -> 0 | R12: 35 | S12: =R12*C12 -> 29.75 | T12: =D12+F12+H12+J12+L12+N12+P12+R12 -> 221 | U12: =T12*C12 -> 187.85
A13: 9 | B13: PALUCURE 80/480 | C13: 1.98 | D13: 53 | E13: =D13*C13 -> 104.94 | G13: =F13*A13 -> 0 | H13: 161 | I13: =H13*C13 -> 318.78 | K13: =J13*C13 -> 0 | L13: 83 | M13: =L13*C13 -> 164.34 | N13: 83 | O13: =N13*C13 -> 164.34 | Q13: =P13*C13 -> 0 | R13: 236 | S13: =R13*C13 -> 467.28 | T13: =D13+F13+H13+J13+L13+N13+P13+R13 -> 616 | U13: =T13*C13 -> 1219.68
A14: 10 | B14: PALUCURE 40/240 | C14: 1.98 | D14: 6 | E14: =D14*C14 -> 11.88 | G14: =F14*A14 -> 0 | H14: 32 | I14: =H14*C14 -> 63.36 | K14: =J14*C14 -> 0 | L14: 33 | M14: =L14*C14 -> 65.34 | N14: 70 | O14: =N14*C14 -> 138.6 | Q14: =P14*C14 -> 0 | R14: 52 | S14: =R14*C14 -> 102.96 | T14: =D14+F14+H14+J14+L14+N14+P14+R14 -> 193 | U14: =T14*C14 -> 382.14
A15: 11 | B15: TRACLAV1125 | C15: 4.69 | D15: 0 | E15: =D15*C15 -> 0 | G15: =F15*A15 -> 0 | H15: 0 | I15: =H15*C15 -> 0 | K15: =J15*C15 -> 0 | L15: 0 | M15: =L15*C15 -> 0 | N15: 0 | O15: =N15*C15 -> 0 | Q15: =P15*C15 -> 0 | R15: 0 | S15: =R15*C15 -> 0 | T15: =D15+F15+H15+J15+L15+N15+P15+R15 -> 0 | U15: =T15*C15 -> 0
A16: 12 | B16: TRACLAV 625 | C16: 2.9 | D16: 0 | E16: =D16*C16 -> 0 | G16: =F16*A16 -> 0 | H16: 0 | I16: =H16*C16 -> 0 | K16: =J16*C16 -> 0 | L16: 0 | M16: =L16*C16 -> 0 | N16: 0 | O16: =N16*C16 -> 0 | Q16: =P16*C16 -> 0 | R16: 0 | S16: =R16*C16 -> 0 | T16: =D16+F16+H16+J16+L16+N16+P16+R16 -> 0 | U16: =T16*C16 -> 0
A17: 13 | B17: TRIAF- S | C17: 1.9 | D17: 30 | E17: =D17*C17 -> 57 | G17: =F17*C17 -> 0 | H17: 40 | I17: =H17*C17 -> 76 | K17: =J17*C17 -> 0 | L17: 40 | M17: =L17*C17 -> 76 | N17: 60 | O17: =N17*C17 -> 114 | Q17: =P17*C17 -> 0 | R17: 40 | S17: =R17*C17 -> 76 | T17: =D17+F17+H17+J17+L17+N17+P17+R17 -> 210 | U17: =T17*C17 -> 399
A18: 14 | B18: PALUCURE PLUS 80/480 | C18: 2.4 | D18: 0 | E18: =D18*C18 -> 0 | G18: =F18*C18 -> 0 | H18: 0 | I18: =H18*C18 -> 0 | K18: =J18*C18 -> 0 | L18: 0 | M18: =L18*C18 -> 0 | N18: 0 | O18: =N18*C18 -> 0 | Q18: =P18*C18 -> 0 | R18: 0 | S18: =R18*C18 -> 0 | T18: =D18+F18+H18+J18+L18+N18+P18+R18 -> 0 | U18: =T18*C18 -> 0
A19: 15 | B19: TRACLAV 1.2 | C19: 1.5 | D19: 0 | E19: =D19*C19 -> 0 | G19: =F19*A19 -> 0 | H19: 0 | I19: =H19*C19 -> 0 | K19: =J19*C19 -> 0 | L19: 0 | M19: =L19*C19 -> 0 | N19: 0 | O19: =N19*C19 -> 0 | Q19: =P19*C19 -> 0 | R19: 0 | S19: =R19*C19 -> 0 | T19: =D19+F19+H19+J19+L19+N19+P19+R19 -> 0 | U19: =T19*C19 -> 0
A20: 16 | B20: TRACLAV1125 SACHT | C20: 5.38 | D20: 18 | E20: =D20*C20 -> 96.84 | G20: =F20*C20 -> 0 | H20: 9 | I20: =H20*C20 -> 48.42 | K20: =J20*C20 -> 0 | L20: 42 | M20: =L20*C20 -> 225.96 | N20: 43 | O20: =N20*C20 -> 231.34 | Q20: =P20*C20 -> 0 | R20: 16 | S20: =R20*C20 -> 86.08 | T20: =D20+F20+H20+J20+L20+N20+P20+R20 -> 128 | U20: =T20*C20 -> 688.64
A21: 17 | B21: TUMI | C21: 2 | D21: 0 | E21: =D21*C21 -> 0 | G21: 0 | H21: 0 | I21: =H21*C21 -> 0 | K21: =J21*C21 -> 0 | L21: 0 | M21: =L21*C21 -> 0 | N21: 0 | O21: =N21*C21 -> 0 | Q21: =P21*C21 -> 0 | R21: 0 | S21: =R21*C21 -> 0 | T21: =D21+F21+H21+J21+L21+N21+P21+R21 -> 0 | U21: =T21*C21 -> 0
B22: TOTAL | E22: =SUM(E5:E21) -> 656.44 | G22: =SUM(G5:G19) -> 0 | I22: =SUM(I5:I21) -> 1175.74 | K22: =SUM(K5:K19) -> 0 | M22: =SUM(M5:M21) -> 1458.74 | O22: =SUM(O5:O21) -> 2028.11 | Q22: =SUM(Q5:Q19) -> 0 | S22: =SUM(S5:S21) -> 4258.07 | U22: =SUM(U5:U21) -> 9577.1

Sheet BAMAKO POOL-LABOREX
A2: MONTH | B2: 45962
D3: COMMUNE 1 | F3: COMMUNE 2 | H3: COMMUNE 3 | J3: COMMUNE 4 | L3: COMMUNE 5 | N3: COMMUNE 6 | P3: KOULIKORO | R3: KATI | T3: TOTAL
B4: PRODUCT NAME | C4: CIF | D4: Unit | E4: value | F4: Unit | G4: Value | H4: Unit | I4: Value | J4: Unit | K4: Value | L4: Unit | M4: Value | N4: Unit | O4: Value | P4: Unit | Q4: Value | R4: Unit | S4: Value | T4: Unit | U4: Value
A5: 1 | B5: AQUANATE | C5: 0.99 | D5: 89 | E5: =D5*C5 -> 88.11 | F5: 114 | G5: =F5*A5 -> 114 | H5: 691 | I5: =H5*C5 -> 684.09 | J5: 317 | K5: =J5*C5 -> 313.83 | L5: 1296 | M5: =L5*C5 -> 1283.04 | N5: 3262 | O5: =N5*C5 -> 3229.38 | Q5: =P5*C5 -> 0 | R5: 1521 | S5: =R5*C5 -> 1505.79 | T5: =D5+F5+H5+J5+L5+N5+P5+R5 -> 7290 | U5: =T5*C5 -> 7217.1
A6: 2 | B6: BACTOXIME SYRP | C6: 2.29 | D6: 86 | E6: =D6*C6 -> 196.94 | F6: 70 | G6: =F6*A6 -> 140 | H6: 60 | I6: =H6*C6 -> 137.4 | J6: 58 | K6: =J6*C6 -> 132.82 | L6: 83 | M6: =L6*C6 -> 190.07 | N6: 167 | O6: =N6*C6 -> 382.43 | Q6: =P6*C6 -> 0 | R6: 32 | S6: =R6*C6 -> 73.28 | T6: =D6+F6+H6+J6+L6+N6+P6+R6 -> 556 | U6: =T6*C6 -> 1273.24
A7: 3 | B7: BACTOXIME 200 | C7: 3.66 | D7: 19 | E7: =D7*C7 -> 69.54 | F7: 8 | G7: =F7*C7 -> 29.28 | H7: 0 | I7: =H7*C7 -> 0 | J7: 8 | K7: =J7*C7 -> 29.28 | L7: 28 | M7: =L7*C7 -> 102.48 | N7: 35 | O7: =N7*C7 -> 128.1 | Q7: =P7*C7 -> 0 | R7: 4 | S7: =R7*C7 -> 14.64 | T7: =D7+F7+H7+J7+L7+N7+P7+R7 -> 102 | U7: =T7*C7 -> 373.32
A8: 4 | B8: ESOPRA 20 | C8: 2.81 | D8: 18 | E8: =D8*C8 -> 50.58 | F8: 21 | G8: =F8*C8 -> 59.01 | H8: 19 | I8: =H8*C8 -> 53.39 | J8: 25 | K8: =J8*C8 -> 70.25 | L8: 4 | M8: =L8*C8 -> 11.24 | N8: 9 | O8: =N8*C8 -> 25.29 | Q8: =P8*C8 -> 0 | R8: 12 | S8: =R8*C8 -> 33.72 | T8: =D8+F8+H8+J8+L8+N8+P8+R8 -> 108 | U8: =T8*C8 -> 303.48
A9: 5 | B9: ESOPRA 40 | C9: 3.46 | D9: 27 | E9: =D9*C9 -> 93.42 | F9: 35 | G9: =F9*C9 -> 121.1 | H9: 32 | I9: =H9*C9 -> 110.72 | J9: 36 | K9: =J9*C9 -> 124.56 | L9: 47 | M9: =L9*C9 -> 162.62 | N9: 65 | O9: =N9*C9 -> 224.9 | Q9: =P9*C9 -> 0 | R9: 45 | S9: =R9*C9 -> 155.7 | T9: =D9+F9+H9+J9+L9+N9+P9+R9 -> 287 | U9: =T9*C9 -> 993.02
A10: 6 | B10: METAREN | C10: 1.06 | D10: 0 | E10: =D10*C10 -> 0 | F10: 0 | G10: =F10*C10 -> 0 | H10: 0 | I10: =H10*C10 -> 0 | J10: 0 | K10: =J10*C10 -> 0 | L10: 0 | M10: =L10*C10 -> 0 | N10: 0 | O10: =N10*C10 -> 0 | Q10: =P10*C10 -> 0 | R10: 0 | S10: =R10*C10 -> 0 | T10: =D10+F10+H10+J10+L10+N10+P10+R10 -> 0 | U10: =T10*C10 -> 0
A11: 7 | B11: DIP3 | C11: 3.63 | D11: 0 | E11: =D11*C11 -> 0 | F11: 0 | G11: =F11*C11 -> 0 | H11: 0 | I11: =H11*C11 -> 0 | J11: 0 | K11: =J11*C11 -> 0 | L11: 0 | M11: =L11*C11 -> 0 | N11: 0 | O11: =N11*C11 -> 0 | Q11: =P11*C11 -> 0 | R11: 0 | S11: =R11*C11 -> 0 | T11: =D11+F11+H11+J11+L11+N11+P11+R11 -> 0 | U11: =T11*C11 -> 0
A12: 8 | B12: PALUCURE 20/120 | C12: 0.85 | D12: 0 | E12: =D12*C12 -> 0 | F12: 0 | G12: =F12*C12 -> 0 | H12: 0 | I12: =H12*C12 -> 0 | J12: 0 | K12: =J12*C12 -> 0 | L12: 0 | M12: =L12*C12 -> 0 | N12: 0 | O12: =N12*C12 -> 0 | Q12: =P12*C12 -> 0 | R12: 0 | S12: =R12*C12 -> 0 | T12: =D12+F12+H12+J12+L12+N12+P12+R12 -> 0 | U12: =T12*C12 -> 0
A13: 9 | B13: PALUCURE 80/480 | C13: 1.98 | D13: 55 | E13: =D13*C13 -> 108.9 | F13: 79 | G13: =F13*C13 -> 156.42 | H13: 68 | I13: =H13*C13 -> 134.64 | J13: 79 | K13: =J13*C13 -> 156.42 | L13: 140 | M13: =L13*C13 -> 277.2 | N13: 297 | O13: =N13*C13 -> 588.06 | Q13: =P13*C13 -> 0 | R13: 117 | S13: =R13*C13 -> 231.66 | T13: =D13+F13+H13+J13+L13+N13+P13+R13 -> 835 | U13: =T13*C13 -> 1653.3
A14: 10 | B14: PALUCURE 40/240 | C14: 1.98 | D14: 11 | E14: =D14*C14 -> 21.78 | F14: 7 | G14: =F14*C14 -> 13.86 | H14: 14 | I14: =H14*C14 -> 27.72 | J14: 8 | K14: =J14*C14 -> 15.84 | L14: 35 | M14: =L14*C14 -> 69.3 | N14: 66 | O14: =N14*C14 -> 130.68 | Q14: =P14*C14 -> 0 | R14: 21 | S14: =R14*C14 -> 41.58 | T14: =D14+F14+H14+J14+L14+N14+P14+R14 -> 162 | U14: =T14*C14 -> 320.76
A15: 11 | B15: TRACLAV1125 | C15: 4.69 | D15: 0 | E15: =D15*C15 -> 0 | F15: 0 | G15: =F15*C15 -> 0 | H15: 0 | I15: =H15*C15 -> 0 | J15: 0 | K15: =J15*C15 -> 0 | L15: 0 | M15: =L15*C15 -> 0 | N15: 0 | O15: =N15*C15 -> 0 | Q15: =P15*C15 -> 0 | R15: 0 | S15: =R15*C15 -> 0 | T15: =D15+F15+H15+J15+L15+N15+P15+R15 -> 0 | U15: =T15*C15 -> 0
A16: 12 | B16: TRACLAV 625 | C16: 2.9 | D16: 0 | E16: =D16*C16 -> 0 | F16: 0 | G16: =F16*C16 -> 0 | H16: 0 | I16: =H16*C16 -> 0 | J16: 0 | K16: =J16*C16 -> 0 | L16: 0 | M16: =L16*C16 -> 0 | N16: 0 | O16: =N16*C16 -> 0 | Q16: =P16*C16 -> 0 | R16: 0 | S16: =R16*C16 -> 0 | T16: =D16+F16+H16+J16+L16+N16+P16+R16 -> 0 | U16: =T16*C16 -> 0
A17: 13 | B17: TRIAF- S | C17: 1.9 | D17: 0 | E17: =D17*C17 -> 0 | F17: 0 | G17: =F17*C17 -> 0 | H17: 0 | I17: =H17*C17 -> 0 | J17: 0 | K17: =J17*C17 -> 0 | L17: 0 | M17: =L17*C17 -> 0 | N17: 0 | O17: =N17*C17 -> 0 | Q17: =P17*C17 -> 0 | R17: 0 | S17: =R17*C17 -> 0 | T17: =D17+F17+H17+J17+L17+N17+P17+R17 -> 0 | U17: =T17*C17 -> 0
A18: 14 | B18: PALUCURE PLUS 80/480 | C18: 2.4 | D18: 0 | E18: =D18*C18 -> 0 | F18: 0 | G18: =F18*C18 -> 0 | H18: 0 | I18: =H18*C18 -> 0 | J18: 0 | K18: =J18*C18 -> 0 | L18: 0 | M18: =L18*C18 -> 0 | N18: 0 | O18: =N18*C18 -> 0 | Q18: =P18*C18 -> 0 | R18: 0 | S18: =R18*C18 -> 0 | T18: =D18+F18+H18+J18+L18+N18+P18+R18 -> 0 | U18: =T18*C18 -> 0
... A20: 16 | B20: TRACLAV1125 SACHT | C20: 5.3 | D20: 26 | E20: =D20*C20 -> 137.8 | F20: 9 | G20: =F20*C20 -> 47.7 | H20: 4 | I20: =H20*C20 -> 21.2 | J20: 0 | K20: =J20*C20 -> 0 | L20: 23 | M20: =L20*C20 -> 121.9 | N20: 12 | O20: =N20*C20 -> 63.6 | Q20: =P20*C20 -> 0 | R20: 2 | S20: =R20*C20 -> 10.6 | T20: =D20+F20+H20+J20+L20+N20+P20+R20 -> 76 | U20: =T20*C20 -> 402.8
A21: 17 | B21: TUMI | C21: 2 | D21: 0 | E21: =D21*C21 -> 0 | F21: 0 | G21: =F21*A21 -> 0 | H21: 0 | I21: =H21*C21 -> 0 | J21: 0 | K21: =J21*C21 -> 0 | L21: 0 | M21: =L21*C21 -> 0 | N21: 0 | O21: =N21*C21 -> 0 | Q21: =P21*C21 -> 0 | R21: 0 | S21: =R21*C21 -> 0 | T21: =D21+F21+H21+J21+L21+N21+P21+R21 -> 0 | U21: =T21*C21 -> 0
B22: TOTAL | E22: =SUM(E5:E21) -> 767.07 | G22: =SUM(G5:G21) -> 681.37 | I22: =SUM(I5:I21) -> 1169.16 | K22: =SUM(K5:K21) -> 843 | M22: =SUM(M5:M21) -> 2217.85 | O22: =SUM(O5:O21) -> 4772.44 | Q22: =SUM(Q5:Q19) -> 0 | S22: =SUM(S5:S21) -> 2066.97 | U22: =SUM(U5:U21) -> 12537.02

Sheet BAMAKO POOL-AFRICALA
A2: MONTH | B2: 45627
D3: COMMUNE 1 | F3: COMMUNE 2 | H3: COMMUNE 3 | J3: COMMUNE 4 | L3: COMMUNE 5 | N3: COMMUNE 6 | P3: KOULIKORO | R3: KATI | T3: TOTAL
B4: PRODUCT NAME | C4: CIF | D4: Unit | E4: value | F4: Unit | G4: Value | H4: Unit | I4: Value | J4: Unit | K4: Value | L4: Unit | M4: Value | N4: Unit | O4: Value | P4: Unit | Q4: Value | R4: Unit | S4: Value | T4: Unit | U4: Value
A5: 1 | B5: AQUANATE | C5: 0.99 | E5: =D5*C5 -> 0 | G5: =F5*A5 -> 0 | I5: =H5*C5 -> 0 | K5: =J5*C5 -> 0 | M5: =L5*C5 -> 0 | O5: =N5*C5 -> 0 | Q5: =P5*C5 -> 0 | S5: =R5*C5 -> 0 | T5: =D5+F5+H5+J5+L5+N5+P5+R5 -> 0 | U5: =T5*C5 -> 0
A6: 2 | B6: BACTOXIME SYRP | C6: 2.29 | E6: =D6*C6 -> 0 | G6: =F6*A6 -> 0 | I6: =H6*C6 -> 0 | K6: =J6*C6 -> 0 | M6: =L6*C6 -> 0 | O6: =N6*C6 -> 0 | Q6: =P6*C6 -> 0 | S6: =R6*C6 -> 0 | T6: =D6+F6+H6+J6+L6+N6+P6+R6 -> 0 | U6: =T6*C6 -> 0
A7: 3 | B7: BACTOXIME 200 | C7: 3.66 | E7: =D7*C7 -> 0 | G7: =F7*A7 -> 0 | I7: =H7*C7 -> 0 | K7: =J7*C7 -> 0 | M7: =L7*C7 -> 0 | O7: =N7*C7 -> 0 | Q7: =P7*C7 -> 0 | S7: =R7*C7 -> 0 | T7: =D7+F7+H7+J7+L7+N7+P7+R7 -> 0 | U7: =T7*C7 -> 0
A8: 4 | B8: ESOPRA 20 | C8: 2.81 | E8: =D8*C8 -> 0 | G8: =F8*A8 -> 0 | I8: =H8*C8 -> 0 | K8: =J8*C8 -> 0 | M8: =L8*C8 -> 0 | O8: =N8*C8 -> 0 | Q8: =P8*C8 -> 0 | S8: =R8*C8 -> 0 | T8: =D8+F8+H8+J8+L8+N8+P8+R8 -> 0 | U8: =T8*C8 -> 0
A9: 5 | B9: ESOPRA 40 | C9: 3.46 | E9: =D9*C9 -> 0 | G9: =F9*A9 -> 0 | I9: =H9*C9 -> 0 | K9: =J9*C9 -> 0 | M9: =L9*C9 -> 0 | O9: =N9*C9 -> 0 | Q9: =P9*C9 -> 0 | S9: =R9*C9 -> 0 | T9: =D9+F9+H9+J9+L9+N9+P9+R9 -> 0 | U9: =T9*C9 -> 0
A10: 6 | B10: METAREN | C10: 1.06 | E10: =D10*C10 -> 0 | G10: =F10*A10 -> 0 | I10: =H10*C10 -> 0 | K10: =J10*C10 -> 0 | M10: =L10*C10 -> 0 | O10: =N10*C10 -> 0 | Q10: =P10*C10 -> 0 | S10: =R10*C10 -> 0 | T10: =D10+F10+H10+J10+L10+N10+P10+R10 -> 0 | U10: =T10*C10 -> 0
A11: 7 | B11: DIP3 | C11: 3.63 | E11: =D11*C11 -> 0 | G11: =F11*A11 -> 0 | I11: =H11*C11 -> 0 | K11: =J11*C11 -> 0 | M11: =L11*C11 -> 0 | O11: =N11*C11 -> 0 | Q11: =P11*C11 -> 0 | S11: =R11*C11 -> 0 | T11: =D11+F11+H11+J11+L11+N11+P11+R11 -> 0 | U11: =T11*C11 -> 0
A12: 8 | B12: PALUCURE 20/120 | C12: 0.85 | E12: =D12*C12 -> 0 | G12: =F12*A12 -> 0 | I12: =H12*C12 -> 0 | K12: =J12*C12 -> 0 | M12: =L12*C12 -> 0 | O12: =N12*C12 -> 0 | Q12: =P12*C12 -> 0 | S12: =R12*C12 -> 0 | T12: =D12+F12+H12+J12+L12+N12+P12+R12 -> 0 | U12: =T12*C12 -> 0
A13: 9 | B13: PALUCURE 80/480 | C13: 1.98 | E13: =D13*C13 -> 0 | G13: =F13*A13 -> 0 | I13: =H13*C13 -> 0 | K13: =J13*C13 -> 0 | M13: =L13*C13 -> 0 | O13: =N13*C13 -> 0 | Q13: =P13*C13 -> 0 | S13: =R13*C13 -> 0 | T13: =D13+F13+H13+J13+L13+N13+P13+R13 -> 0 | U13: =T13*C13 -> 0
A14: 10 | B14: PALUCURE 40/240 | C14: 1.98 | E14: =D14*C14 -> 0 | G14: =F14*A14 -> 0 | I14: =H14*C14 -> 0 | K14: =J14*C14 -> 0 | M14: =L14*C14 -> 0 | O14: =N14*C14 -> 0 | Q14: =P14*C14 -> 0 | S14: =R14*C14 -> 0 | T14: =D14+F14+H14+J14+L14+N14+P14+R14 -> 0 | U14: =T14*C14 -> 0
A15: 11 | B15: TRACLAV1125 | C15: 4.69 | E15: =D15*C15 -> 0 | G15: =F15*A15 -> 0 | I15: =H15*C15 -> 0 | K15: =J15*C15 -> 0 | M15: =L15*C15 -> 0 | O15: =N15*C15 -> 0 | Q15: =P15*C15 -> 0 | S15: =R15*C15 -> 0 | T15: =D15+F15+H15+J15+L15+N15+P15+R15 -> 0 | U15: =T15*C15 -> 0
A16: 12 | B16: TRACLAV 625 | C16: 2.9 | E16: =D16*C16 -> 0 | G16: =F16*A16 -> 0 | I16: =H16*C16 -> 0 | K16: =J16*C16 -> 0 | M16: =L16*C16 -> 0 | O16: =N16*C16 -> 0 | Q16: =P16*C16 -> 0 | S16: =R16*C16 -> 0 | T16: =D16+F16+H16+J16+L16+N16+P16+R16 -> 0 | U16: =T16*C16 -> 0
A17: 13 | B17: TRIAF- S | C17: 1.9 | E17: =D17*C17 -> 0 | G17: =F17*C17 -> 0 | I17: =H17*C17 -> 0 | K17: =J17*C17 -> 0 | M17: =L17*C17 -> 0 | O17: =N17*C17 -> 0 | Q17: =P17*C17 -> 0 | S17: =R17*C17 -> 0 | T17: =D17+F17+H17+J17+L17+N17+P17+R17 -> 0 | U17: =T17*C17 -> 0
A18: 14 | B18: PALUCURE PLUS 80/480 | C18: 2.4 | E18: =D18*C18 -> 0 | G18: =F18*C18 -> 0 | I18: =H18*C18 -> 0 | K18: =J18*C18 -> 0 | M18: =L18*C18 -> 0 | O18: =N18*C18 -> 0 | Q18: =P18*C18 -> 0 | S18: =R18*C18 -> 0 | T18: =D18+F18+H18+J18+L18+N18+P18+R18 -> 0 | U18: =T18*C18 -> 0
A19: 15 | B19: TRACLAV 1.2 | C19: 1.5 | E19: =D19*C19 -> 0 | G19: =F19*A19 -> 0 | I19: =H19*C19 -> 0 | K19: =J19*C19 -> 0 | M19: =L19*C19 -> 0 | O19: =N19*C19 -> 0 | Q19: =P19*C19 -> 0 | S19: =R19*C19 -> 0 | T19: =D19+F19+H19+J19+L19+N19+P19+R19 -> 0 | U19: =T19*C19 -> 0
A20: 16 | B20: TRACLAV1125 SACHT | C20: 5.38 | D20: 0 | E20: =D20*C20 -> 0 | G20: =F20*C20 -> 0 | H20: 0 | I20: =H20*C20 -> 0 | K20: =J20*C20 -> 0 | L20: 0 | M20: =L20*C20 -> 0 | N20: 0 | O20: =N20*C20 -> 0 | Q20: =P20*C20 -> 0 | R20: 0 | S20: =R20*C20 -> 0 | T20: =D20+F20+H20+J20+L20+N20+P20+R20 -> 0 | U20: =T20*C20 -> 0
A21: 17 | B21: TUMI | C21: 2 | D21: 0 | E21: =D21*C21 -> 0 | G21: =F21*A21 -> 0 | H21: 0 | I21: =H21*C21 -> 0 | K21: =J21*C21 -> 0 | L21: 0 | M21: =L21*C21 -> 0 | N21: 0 | O21: =N21*C21 -> 0 | Q21: =P21*C21 -> 0 | R21: 0 | S21: =R21*C21 -> 0 | T21: =D21+F21+H21+J21+L21+N21+P21+R21 -> 0 | U21: =T21*C21 -> 0
B22: TOTAL | E22: =SUM(E5:E19) -> 0 | G22: =SUM(G5:G19) -> 0 | I22: =SUM(I5:I19) -> 0 | K22: =SUM(K5:K19) -> 0 | M22: =SUM(M5:M19) -> 0 | O22: =SUM(O5:O19) -> 0 | Q22: =SUM(Q5:Q19) -> 0 | S22: =SUM(S5:S19) -> 0 | U22: =SUM(E22+I22+M22+O22+Q22+S22) -> 0

Sheet BAMAKO POOL-CAMED &TEDIS&AFRICA
A2: MONTH | B2: 45962
D3: COMMUNE 1 | F3: COMMUNE 2 | H3: COMMUNE 3 | J3: COMMUNE 4 | L3: COMMUNE 5 | N3: COMMUNE 6 | P3: KOULIKORO | R3: KATI | T3: TOTAL
B4: PRODUCT NAME | C4: CIF | D4: Unit | E4: value | F4: Unit | G4: Value | H4: Unit | I4: Value | J4: Unit | K4: Value | L4: Unit | M4: Value | N4: Unit | O4: Value | P4: Unit | Q4: Value | R4: Unit | S4: Value | T4: Unit | U4: Value
A5: 1 | B5: AQUANATE | C5: 0.99 | D5: 620 | E5: =D5*C5 -> 613.8 | G5: =F5*A5 -> 0 | H5: 0 | I5: =H5*C5 -> 0 | K5: 0 | L5: 0 | M5: =L5*C5 -> 0 | N5: 490 | O5: =N5*C5 -> 485.1 | Q5: =P5*C5 -> 0 | R5: 480 | S5: =R5*C5 -> 475.2 | T5: =D5+F5+H5+J5+L5+N5+P5+R5 -> 1590 | U5: =T5*C5 -> 1574.1
A6: 2 | B6: BACTOXIME SYRP | C6: 2.29 | D6: 100 | E6: =D6*C6 -> 229 | G6: =F6*A6 -> 0 | H6: 0 | I6: =H6*C6 -> 0 | J6: 0 | K6: =J6*C6 -> 0 | L6: 0 | M6: =L6*C6 -> 0 | N6: 0 | O6: =N6*C6 -> 0 | Q6: =P6*C6 -> 0 | R6: 0 | S6: =R6*C6 -> 0 | T6: =D6+F6+H6+J6+L6+N6+P6+R6 -> 100 | U6: =T6*C6 -> 229
A7: 3 | B7: BACTOXIME 200 | C7: 3.66 | D7: 9 | E7: =D7*C7 -> 32.94 | G7: =F7*A7 -> 0 | H7: 0 | I7: =H7*C7 -> 0 | K7: 0 | L7: 12 | M7: =L7*C7 -> 43.92 | N7: 16 | O7: =N7*C7 -> 58.56 | Q7: =P7*C7 -> 0 | R7: 10 | S7: =R7*C7 -> 36.6 | T7: =D7+F7+H7+J7+L7+N7+P7+R7 -> 47 | U7: =T7*C7 -> 172.02
A8: 4 | B8: ESOPRA 20 | C8: 2.81 | D8: 0 | E8: =D8*C8 -> 0 | G8: =F8*A8 -> 0 | H8: 0 | I8: =H8*C8 -> 0 | K8: =J8*C8 -> 0 | L8: 0 | M8: =L8*C8 -> 0 | N8: 0 | O8: =N8*C8 -> 0 | Q8: =P8*C8 -> 0 | R8: 0 | S8: =R8*C8 -> 0 | T8: =D8+F8+H8+J8+L8+N8+P8+R8 -> 0 | U8: =T8*C8 -> 0
A9: 5 | B9: ESOPRA 40 | C9: 3.46 | D9: 0 | E9: =D9*C9 -> 0 | G9: 0 | H9: 0 | I9: =H9*C9 -> 0 | K9: =J9*C9 -> 0 | L9: 6 | M9: =L9*C9 -> 20.76 | N9: 5 | O9: =N9*C9 -> 17.3 | Q9: =P9*C9 -> 0 | R9: 0 | S9: =R9*C9 -> 0 | T9: =D9+F9+H9+J9+L9+N9+P9+R9 -> 11 | U9: =T9*C9 -> 38.06
A10: 6 | B10: METAREN | C10: 1.06 | D10: 0 | E10: =D10*C10 -> 0 | G10: =F10*A10 -> 0 | H10: 0 | I10: =H10*C10 -> 0 | K10: 0 | L10: 0 | M10: =L10*C10 -> 0 | N10: 0 | O10: =N10*C10 -> 0 | Q10: =P10*C10 -> 0 | R10: 0 | S10: =R10*C10 -> 0 | T10: =D10+F10+H10+J10+L10+N10+P10+R10 -> 0 | U10: =T10*C10 -> 0
A11: 7 | B11: DIP3 | C11: 3.63 | D11: 0 | E11: =D11*C11 -> 0 | G11: =F11*A11 -> 0 | H11: 0 | I11: =H11*C11 -> 0 | K11: =J11*C11 -> 0 | L11: 0 | M11: =L11*C11 -> 0 | N11: 0 | O11: =N11*C11 -> 0 | Q11: =P11*C11 -> 0 | R11: 0 | S11: =R11*C11 -> 0 | T11: =D11+F11+H11+J11+L11+N11+P11+R11 -> 0 | U11: =T11*C11 -> 0
A12: 8 | B12: PALUCURE 20/120 | C12: 0.85 | D12: 0 | E12: =D12*C12 -> 0 | G12: =F12*A12 -> 0 | H12: 0 | I12: =H12*C12 -> 0 | K12: =J12*C12 -> 0 | L12: 0 | M12: =L12*C12 -> 0 | N12: 0 | O12: =N12*C12 -> 0 | Q12: =P12*C12 -> 0 | R12: 0 | S12: =R12*C12 -> 0 | T12: =D12+F12+H12+J12+L12+N12+P12+R12 -> 0 | U12: =T12*C12 -> 0
A13: 9 | B13: PALUCURE 80/480 | C13: 1.98 | D13: 0 | E13: =D13*C13 -> 0 | G13: =F13*A13 -> 0 | H13: 0 | I13: =H13*C13 -> 0 | K13: =J13*C13 -> 0 | L13: 0 | M13: =L13*C13 -> 0 | N13: 0 | O13: =N13*C13 -> 0 | Q13: =P13*C13 -> 0 | R13: 0 | S13: =R13*C13 -> 0 | T13: =D13+F13+H13+J13+L13+N13+P13+R13 -> 0 | U13: =T13*C13 -> 0
A14: 10 | B14: PALUCURE 40/240 | C14: 1.98 | D14: 0 | E14: =D14*C14 -> 0 | G14: =F14*A14 -> 0 | H14: 0 | I14: =H14*C14 -> 0 | K14: =J14*C14 -> 0 | L14: 0 | M14: =L14*C14 -> 0 | N14: 0 | O14: =N14*C14 -> 0 | Q14: =P14*C14 -> 0 | R14: 0 | S14: =R14*C14 -> 0 | T14: =D14+F14+H14+J14+L14+N14+P14+R14 -> 0 | U14: =T14*C14 -> 0
A15: 11 | B15: TRACLAV1125 | C15: 4.69 | D15: 0 | E15: =D15*C15 -> 0 | G15: =F15*A15 -> 0 | H15: 0 | I15: =H15*C15 -> 0 | K15: =J15*C15 -> 0 | L15: 0 | M15: =L15*C15 -> 0 | N15: 0 | O15: =N15*C15 -> 0 | Q15: =P15*C15 -> 0 | R15: 0 | S15: =R15*C15 -> 0 | T15: =D15+F15+H15+J15+L15+N15+P15+R15 -> 0 | U15: =T15*C15 -> 0
A16: 12 | B16: TRACLAV 625 | C16: 2.9 | D16: 0 | E16: =D16*C16 -> 0 | G16: =F16*A16 -> 0 | H16: 0 | I16: =H16*C16 -> 0 | K16: =J16*C16 -> 0 | L16: 0 | M16: =L16*C16 -> 0 | N16: 0 | O16: =N16*C16 -> 0 | Q16: =P16*C16 -> 0 | R16: 0 | S16: =R16*C16 -> 0 | T16: =D16+F16+H16+J16+L16+N16+P16+R16 -> 0 | U16: =T16*C16 -> 0
A17: 13 | B17: TRIAF- S | C17: 1.9 | D17: 0 | E17: =D17*C17 -> 0 | G17: =F17*C17 -> 0 | H17: 0 | I17: =H17*C17 -> 0 | K17: =J17*C17 -> 0 | L17: 0 | M17: =L17*C17 -> 0 | N17: 0 | O17: =N17*C17 -> 0 | Q17: =P17*C17 -> 0 | R17: 0 | S17: =R17*C17 -> 0 | T17: 0 | U17: =T17*C17 -> 0
A18: 14 | B18: PALUCURE PLUS 80/480 | C18: 2.4 | D18: 0 | E18: =D18*C18 -> 0 | G18: =F18*C18 -> 0 | H18: 0 | I18: =H18*C18 -> 0 | K18: =J18*C18 -> 0 | L18: 0 | M18: =L18*C18 -> 0 | N18: 0 | O18: =N18*C18 -> 0 | Q18: =P18*C18 -> 0 | R18: 0 | S18: =R18*C18 -> 0 | T18: 0 | U18: =T18*C18 -> 0
A19: 15 | B19: TRACLAV 1.2 | C19: 1.5 | D19: 0 | E19: =D19*C19 -> 0 | G19: =F19*A19 -> 0 | H19: 0 | I19: =H19*C19 -> 0 | K19: =J19*C19 -> 0 | L19: 0 | M19: =L19*C19 -> 0 | N19: 0 | O19: =N19*C19 -> 0 | Q19: =P19*C19 -> 0 | R19: 0 | S19: =R19*C19 -> 0 | T19: =D19+F19+H19+J19+L19+N19+P19+R19 -> 0 | U19: =T19*C19 -> 0
A20: 16 | B20: TRACLAV1125 SACHT | C20: 5.38 | D20: 0 | E20: =D20*C20 -> 0 | G20: =F20*C20 -> 0 | H20: 0 | I20: =H20*C20 -> 0 | K20: =J20*C20 -> 0 | L20: 0 | M20: =L20*C20 -> 0 | N20: 0 | O20: =N20*C20 -> 0 | Q20: =P20*C20 -> 0 | R20: 0 | S20: =R20*C20 -> 0 | T20: =D20+F20+H20+J20+L20+N20+P20+R20 -> 0 | U20: =T20*C20 -> 0
A21: 17 | B21: TUMI | C21: 2 | D21: 0 | E21: =D21*C21 -> 0 | G21: =F21*A21 -> 0 | H21: 0 | I21: =H21*C21 -> 0 | K21: =J21*C21 -> 0 | L21: 0 | M21: =L21*C21 -> 0 | N21: 0 | O21: =N21*C21 -> 0 | Q21: =P21*C21 -> 0 | R21: 0 | S21: =R21*C21 -> 0 | T21: =D21+F21+H21+J21+L21+N21+P21+R21 -> 0 | U21: =T21*C21 -> 0
B22: TOTAL | E22: =SUM(E5:E21) -> 875.74 | G22: =SUM(G5:G19) -> 0 | I22: =SUM(I5:I21) -> 0 | K22: =SUM(K5:K19) -> 0 | M22: =SUM(M5:M21) -> 64.68 | O22: =SUM(O5:O21) -> 560.96 | Q22: =SUM(Q5:Q19) -> 0 | S22: =SUM(S5:S21) -> 511.8 | U22: =SUM(U5:U21) -> 2013.18

Sheet BAMAKO POOL-TOTAL
A2: MONTH | B2: 45597
D3: COMMUNE 1 | F3: COMMUNE 2 | H3: COMMUNE 3 | J3: COMMUNE 4 | L3: COMMUNE 5 | N3: COMMUNE 6 | P3: KATI | R3: TOTAL | T3: BAMAKO/4 | V3: BAMAKO/4
B4: PRODUCT NAME | C4: CIF | D4: Unit | E4: value | F4: Unit | G4: Value | H4: Unit | I4: Value | J4: Unit | K4: Value | L4: Unit | M4: Value | N4: Unit | O4: Value | P4: Unit | Q4: Value | R4: Unit | S4: Value | T4: Unit | U4: Value
A5: 1 | B5: AQUANATE | C5: 0.99 | D5: ='BAMAKO POOL-LABOREX'!D5+'BAMAKO POOL-UBIPHARM'!D5+'BAMAKO POOL-AFRICALA'!D5+'BAMAKO POOL-CAMED &TEDIS&AFRICA'!D5 -> 774 | E5: =D5*C5 -> 766.26 | F5: ='BAMAKO POOL-LABOREX'!F5+'BAMAKO POOL-UBIPHARM'!F5+'BAMAKO POOL-AFRICALA'!F5+'BAMAKO POOL-CAMED &TEDIS&AFRICA'!F5 -> 114 | G5: =F5*C5 -> 112.86 | H5: ='BAMAKO POOL-LABOREX'!H5+'BAMAKO POOL-UBIPHARM'!H5+'BAMAKO POOL-AFRICALA'!H5+'BAMAKO POOL-CAMED &TEDIS&AFRICA'!H5 -> 833 | I5: =H5*C5 -> 824.67 | J5: ='BAMAKO POOL-LABOREX'!J5+'BAMAKO POOL-UBIPHARM'!J5+'BAMAKO POOL-AFRICALA'!J5+'BAMAKO POOL-CAMED &TEDIS&AFRICA'!J5 -> 317 | K5: =J5*C5 -> 313.83 | L5: ='BAMAKO POOL-LABOREX'!L5+'BAMAKO POOL-UBIPHARM'!L5+'BAMAKO POOL-AFRICALA'!L5+'BAMAKO POOL-CAMED &TEDIS&AFRICA'!L5 -> 1633 | M5: =L5*C5 -> 1616.67 | N5: ='BAMAKO POOL-LABOREX'!N5+'BAMAKO POOL-UBIPHARM'!N5+'BAMAKO POOL-AFRICALA'!N5+'BAMAKO POOL-CAMED &TEDIS&AFRICA'!N5 -> 4452 | O5: =N5*C5 -> 4407.48 | P5: ='BAMAKO POOL-LABOREX'!R5+'BAMAKO POOL-UBIPHARM'!R5+'BAMAKO POOL-AFRICALA'!R5+'BAMAKO POOL-CAMED &TEDIS&AFRICA'!R5 -> 5001 | Q5: =P5*C5 -> 4950.99 | R5: =D5+F5+H5+J5+L5+N5++P5 -> 13124 | S5: =R5*C5 -> 12992.76 | T5: =D5+F5+H5+J5+L5+N5 -> 8123 | U5: =T5*$C5 -> 8041.77 | V5: =S5/5 -> 2598.552 | W5: =U5/4 -> 2010.4425
A6: 2 | B6: BACTOXIME SYRP | C6: 2.29 | D6: ='BAMAKO POOL-LABOREX'!D6+'BAMAKO POOL-UBIPHARM'!D6+'BAMAKO POOL-AFRICALA'!D6+'BAMAKO POOL-CAMED &TEDIS&AFRICA'!D6 -> 188 | E6: =D6*C6 -> 430.52 | F6: ='BAMAKO POOL-LABOREX'!F6+'BAMAKO POOL-UBIPHARM'!F6+'BAMAKO POOL-AFRICALA'!F6+'BAMAKO POOL-CAMED &TEDIS&AFRICA'!F6 -> 70 | G6: =F6*C6 -> 160.3 | H6: ='BAMAKO POOL-LABOREX'!H6+'BAMAKO POOL-UBIPHARM'!H6+'BAMAKO POOL-AFRICALA'!H6+'BAMAKO POOL-CAMED &TEDIS&AFRICA'!H6 -> 65 | I6: =H6*C6 -> 148.85 | J6: ='BAMAKO POOL-LABOREX'!J6+'BAMAKO POOL-UBIPHARM'!J6+'BAMAKO POOL-AFRICALA'!J6+'BAMAKO POOL-CAMED &TEDIS&AFRICA'!J6 -> 58 | K6: =J6*C6 -> 132.82 | L6: ='BAMAKO POOL-LABOREX'!L6+'BAMAKO POOL-UBIPHARM'!L6+'BAMAKO POOL-AFRICALA'!L6+'BAMAKO POOL-CAMED &TEDIS&AFRICA'!L6 -> 83 | M6: =L6*C6 -> 190.07 | N6: ='BAMAKO POOL-LABOREX'!N6+'BAMAKO POOL-UBIPHARM'!N6+'BAMAKO POOL-AFRICALA'!N6+'BAMAKO POOL-CAMED &TEDIS&AFRICA'!N6 -> 168 | O6: =N6*C6 -> 384.72 | P6: ='BAMAKO POOL-LABOREX'!R6+'BAMAKO POOL-UBIPHARM'!R6+'BAMAKO POOL-AFRICALA'!R6+'BAMAKO POOL-CAMED &TEDIS&AFRICA'!R6 -> 32 | Q6: =P6*C6 -> 73.28 | R6: =D6+F6+H6+J6+L6+N6++P6 -> 664 | S6: =R6*C6 -> 1520.56 | T6: =D6+F6+H6+J6+L6+N6 -> 632 | U6: =T6*$C6 -> 1447.28 | V6: =S6/5 -> 304.112 | W6: =U6/4 -> 361.82
A7: 3 | B7: BACTOXIME 200 | C7: 3.66 | D7: ='BAMAKO POOL-LABOREX'!D7+'BAMAKO POOL-UBIPHARM'!D7+'BAMAKO POOL-AFRICALA'!D7+'BAMAKO POOL-CAMED &TEDIS&AFRICA'!D7 -> 82 | E7: =D7*C7 -> 300.12 | F7: ='BAMAKO POOL-LABOREX'!F7+'BAMAKO POOL-UBIPHARM'!F7+'BAMAKO POOL-AFRICALA'!F7+'BAMAKO POOL-CAMED &TEDIS&AFRICA'!F7 -> 8 | G7: =F7*C7 -> 29.28 | H7: ='BAMAKO POOL-LABOREX'!H7+'BAMAKO POOL-UBIPHARM'!H7+'BAMAKO POOL-AFRICALA'!H7+'BAMAKO POOL-CAMED &TEDIS&AFRICA'!H7 -> 88 | I7: =H7*C7 -> 322.08 | J7: ='BAMAKO POOL-LABOREX'!J7+'BAMAKO POOL-UBIPHARM'!J7+'BAMAKO POOL-AFRICALA'!J7+'BAMAKO POOL-CAMED &TEDIS&AFRICA'!J7 -> 8 | K7: =J7*C7 -> 29.28 | L7: ='BAMAKO POOL-LABOREX'!L7+'BAMAKO POOL-UBIPHARM'!L7+'BAMAKO POOL-AFRICALA'!L7+'BAMAKO POOL-CAMED &TEDIS&AFRICA'!L7 -> 160 | M7: =L7*C7 -> 585.6 | N7: ='BAMAKO POOL-LABOREX'!N7+'BAMAKO POOL-UBIPHARM'!N7+'BAMAKO POOL-AFRICALA'!N7+'BAMAKO POOL-CAMED &TEDIS&AFRICA'!N7 -> 177 | O7: =N7*C7 -> 647.82 | P7: ='BAMAKO POOL-LABOREX'!R7+'BAMAKO POOL-UBIPHARM'!R7+'BAMAKO POOL-AFRICALA'!R7+'BAMAKO POOL-CAMED &TEDIS&AFRICA'!R7 -> 114 | Q7: =P7*C7 -> 417.24 | R7: =D7+F7+H7+J7+L7+N7++P7 -> 637 | S7: =R7*C7 -> 2331.42 | T7: =D7+F7+H7+J7+L7+N7 -> 523 | U7: =T7*$C7 -> 1914.18 | V7: =S7/5 -> 466.284 | W7: =U7/4 -> 478.545
A8: 4 | B8: ESOPRA 20 | C8: 2.81 | D8: ='BAMAKO POOL-LABOREX'!D8+'BAMAKO POOL-UBIPHARM'!D8+'BAMAKO POOL-AFRICALA'!D8+'BAMAKO POOL-CAMED &TEDIS&AFRICA'!D8 -> 38 | E8: =D8*C8 -> 106.78 | F8: ='BAMAKO POOL-LABOREX'!F8+'BAMAKO POOL-UBIPHARM'!F8+'BAMAKO POOL-AFRICALA'!F8+'BAMAKO POOL-CAMED &TEDIS&AFRICA'!F8 -> 21 | G8: =F8*C8 -> 59.01 | H8: ='BAMAKO POOL-LABOREX'!H8+'BAMAKO POOL-UBIPHARM'!H8+'BAMAKO POOL-AFRICALA'!H8+'BAMAKO POOL-CAMED &TEDIS&AFRICA'!H8 -> 41 | I8: =H8*C8 -> 115.21 | J8: ='BAMAKO POOL-LABOREX'!J8+'BAMAKO POOL-UBIPHARM'!J8+'BAMAKO POOL-AFRICALA'!J8+'BAMAKO POOL-CAMED &TEDIS&AFRICA'!J8 -> 25 | K8: =J8*C8 -> 70.25 | L8: ='BAMAKO POOL-LABOREX'!L8+'BAMAKO POOL-UBIPHARM'!L8+'BAMAKO POOL-AFRICALA'!L8+'BAMAKO POOL-CAMED &TEDIS&AFRICA'!L8 -> 19 | M8: =L8*C8 -> 53.39 | N8: ='BAMAKO POOL-LABOREX'!N8+'BAMAKO POOL-UBIPHARM'!N8+'BAMAKO POOL-AFRICALA'!N8+'BAMAKO POOL-CAMED &TEDIS&AFRICA'!N8 -> 25 | O8: =N8*C8 -> 70.25 | P8: ='BAMAKO POOL-LABOREX'!R8+'BAMAKO POOL-UBIPHARM'!R8+'BAMAKO POOL-AFRICALA'!R8+'BAMAKO POOL-CAMED &TEDIS&AFRICA'!R8 -> 32 | Q8: =P8*C8 -> 89.92 | R8: =D8+F8+H8+J8+L8+N8++P8 -> 201 | S8: =R8*C8 -> 564.81 | T8: =D8+F8+H8+J8+L8+N8 -> 169 | U8: =T8*$C8 -> 474.89 | V8: =S8/5 -> 112.962 | W8: =U8/4 -> 118.7225
A9: 5 | B9: ESOPRA 40 | C9: 3.46 | D9: ='BAMAKO POOL-LABOREX'!D9+'BAMAKO POOL-UBIPHARM'!D9+'BAMAKO POOL-AFRICALA'!D9+'BAMAKO POOL-CAMED &TEDIS&AFRICA'!D9 -> 43 | E9: =D9*C9 -> 148.78 | F9: ='BAMAKO POOL-LABOREX'!F9+'BAMAKO POOL-UBIPHARM'!F9+'BAMAKO POOL-AFRICALA'!F9+'BAMAKO POOL-CAMED &TEDIS&AFRICA'!F9 -> 35 | G9: =F9*C9 -> 121.1 | H9: ='BAMAKO POOL-LABOREX'!H9+'BAMAKO POOL-UBIPHARM'!H9+'BAMAKO POOL-AFRICALA'!H9+'BAMAKO POOL-CAMED &TEDIS&AFRICA'!H9 -> 57 | I9: =H9*C9 -> 197.22 | J9: ='BAMAKO POOL-LABOREX'!J9+'BAMAKO POOL-UBIPHARM'!J9+'BAMAKO POOL-AFRICALA'!J9+'BAMAKO POOL-CAMED &TEDIS&AFRICA'!J9 -> 36 | K9: =J9*C9 -> 124.56 | L9: ='BAMAKO POOL-LABOREX'!L9+'BAMAKO POOL-UBIPHARM'!L9+'BAMAKO POOL-AFRICALA'!L9+'BAMAKO POOL-CAMED &TEDIS&AFRICA'!L9 -> 80 | M9: =L9*C9 -> 276.8 | N9: ='BAMAKO POOL-LABOREX'!N9+'BAMAKO POOL-UBIPHARM'!N9+'BAMAKO POOL-AFRICALA'!N9+'BAMAKO POOL-CAMED &TEDIS&AFRICA'!N9 -> 97 | O9: =N9*C9 -> 335.62 | P9: ='BAMAKO POOL-LABOREX'!R9+'BAMAKO POOL-UBIPHARM'!R9+'BAMAKO POOL-AFRICALA'!R9+'BAMAKO POOL-CAMED &TEDIS&AFRICA'!R9 -> 75 | Q9: =P9*C9 -> 259.5 | R9: =D9+F9+H9+J9+L9+N9++P9 -> 423 | S9: =R9*C9 -> 1463.58 | T9: =D9+F9+H9+J9+L9+N9 -> 348 | U9: =T9*$C9 -> 1204.08 | V9: =S9/5 -> 292.716 | W9: =U9/4 -> 301.02
A10: 6 | B10: METAREN | C10: 1.06 | D10: ='BAMAKO POOL-LABOREX'!D10+'BAMAKO POOL-UBIPHARM'!D10+'BAMAKO POOL-AFRICALA'!D10+'BAMAKO POOL-CAMED &TEDIS&AFRICA'!D10 -> 0 | E10: =D10*C10 -> 0 | F10: ='BAMAKO POOL-LABOREX'!F10+'BAMAKO POOL-UBIPHARM'!F10+'BAMAKO POOL-AFRICALA'!F10+'BAMAKO POOL-CAMED &TEDIS&AFRICA'!F10 -> 0 | G10: =F10*C10 -> 0 | H10: ='BAMAKO POOL-LABOREX'!H10+'BAMAKO POOL-UBIPHARM'!H10+'BAMAKO POOL-AFRICALA'!H10+'BAMAKO POOL-CAMED &TEDIS&AFRICA'!H10 -> 0 | I10: =H10*C10 -> 0 | J10: ='BAMAKO POOL-LABOREX'!J10+'BAMAKO POOL-UBIPHARM'!J10+'BAMAKO POOL-AFRICALA'!J10+'BAMAKO POOL-CAMED &TEDIS&AFRICA'!J10 -> 0 | K10: =J10*C10 -> 0 | L10: ='BAMAKO POOL-LABOREX'!L10+'BAMAKO POOL-UBIPHARM'!L10+'BAMAKO POOL-AFRICALA'!L10+'BAMAKO POOL-CAMED &TEDIS&AFRICA'!L10 -> 0 | M10: =L10*C10 -> 0 | N10: ='BAMAKO POOL-LABOREX'!N10+'BAMAKO POOL-UBIPHARM'!N10+'BAMAKO POOL-AFRICALA'!N10+'BAMAKO POOL-CAMED &TEDIS&AFRICA'!N10 -> 0 | O10: =N10*C10 -> 0 | P10: ='BAMAKO POOL-LABOREX'!R10+'BAMAKO POOL-UBIPHARM'!R10+'BAMAKO POOL-AFRICALA'!R10+'BAMAKO POOL-CAMED &TEDIS&AFRICA'!R10 -> 0 | Q10: =P10*C10 -> 0 | R10: =D10+F10+H10+J10+L10+N10++P10 -> 0 | S10: =R10*C10 -> 0 | T10: =D10+F10+H10+J10+L10+N10 -> 0 | U10: =T10*$C10 -> 0 | V10: =S10/5 -> 0 | W10: =U10/4 -> 0
A11: 7 | B11: DIP3 | C11: 3.63 | D11: ='BAMAKO POOL-LABOREX'!D11+'BAMAKO POOL-UBIPHARM'!D11+'BAMAKO POOL-AFRICALA'!D11+'BAMAKO POOL-CAMED &TEDIS&AFRICA'!D11 -> 0 | E11: =D11*C11 -> 0 | F11: ='BAMAKO POOL-LABOREX'!F11+'BAMAKO POOL-UBIPHARM'!F11+'BAMAKO POOL-AFRICALA'!F11+'BAMAKO POOL-CAMED &TEDIS&AFRICA'!F11 -> 0 | G11: =F11*C11 -> 0 | H11: ='BAMAKO POOL-LABOREX'!H11+'BAMAKO POOL-UBIPHARM'!H11+'BAMAKO POOL-AFRICALA'!H11+'BAMAKO POOL-CAMED &TEDIS&AFRICA'!H11 -> 0 | I11: =H11*C11 -> 0 | J11: ='BAMAKO POOL-LABOREX'!J11+'BAMAKO POOL-UBIPHARM'!J11+'BAMAKO POOL-AFRICALA'!J11+'BAMAKO POOL-CAMED &TEDIS&AFRICA'!J11 -> 0 | K11: =J11*C11 -> 0 | L11: ='BAMAKO POOL-LABOREX'!L11+'BAMAKO POOL-UBIPHARM'!L11+'BAMAKO POOL-AFRICALA'!L11+'BAMAKO POOL-CAMED &TEDIS&AFRICA'!L11 -> 0 | M11: =L11*C11 -> 0 | N11: ='BAMAKO POOL-LABOREX'!N11+'BAMAKO POOL-UBIPHARM'!N11+'BAMAKO POOL-AFRICALA'!N11+'BAMAKO POOL-CAMED &TEDIS&AFRICA'!N11 -> 0 | O11: =N11*C11 -> 0 | P11: ='BAMAKO POOL-LABOREX'!R11+'BAMAKO POOL-UBIPHARM'!R11+'BAMAKO POOL-AFRICALA'!R11+'BAMAKO POOL-CAMED &TEDIS&AFRICA'!R11 -> 0 | Q11: =P11*C11 -> 0 | R11: =D11+F11+H11+J11+L11+N11++P11 -> 0 | S11: =R11*C11 -> 0 | T11: =D11+F11+H11+J11+L11+N11 -> 0 | U11: =T11*$C11 -> 0 | V11: =S11/5 -> 0 | W11: =U11/4 -> 0
A12: 8 | B12: PALUCURE 20/120 | C12: 0.85 | D12: ='BAMAKO POOL-LABOREX'!D12+'BAMAKO POOL-UBIPHARM'!D12+'BAMAKO POOL-AFRICALA'!D12+'BAMAKO POOL-CAMED &TEDIS&AFRICA'!D12 -> 9 | E12: =D12*C12 -> 7.65 | F12: ='BAMAKO POOL-LABOREX'!F12+'BAMAKO POOL-UBIPHARM'!F12+'BAMAKO POOL-AFRICALA'!F12+'BAMAKO POOL-CAMED &TEDIS&AFRICA'!F12 -> 0 | G12: =F12*C12 -> 0 | H12: ='BAMAKO POOL-LABOREX'!H12+'BAMAKO POOL-UBIPHARM'!H12+'BAMAKO POOL-AFRICALA'!H12+'BAMAKO POOL-CAMED &TEDIS&AFRICA'!H12 -> 55 | I12: =H12*C12 -> 46.75 | J12: ='BAMAKO POOL-LABOREX'!J12+'BAMAKO POOL-UBIPHARM'!J12+'BAMAKO POOL-AFRICALA'!J12+'BAMAKO POOL-CAMED &TEDIS&AFRICA'!J12 -> 0 | K12: =J12*C12 -> 0 | L12: ='BAMAKO POOL-LABOREX'!L12+'BAMAKO POOL-UBIPHARM'!L12+'BAMAKO POOL-AFRICALA'!L12+'BAMAKO POOL-CAMED &TEDIS&AFRICA'!L12 -> 22 | M12: =L12*C12 -> 18.7 | N12: ='BAMAKO POOL-LABOREX'!N12+'BAMAKO POOL-UBIPHARM'!N12+'BAMAKO POOL-AFRICALA'!N12+'BAMAKO POOL-CAMED &TEDIS&AFRICA'!N12 -> 100 | O12: =N12*C12 -> 85 | P12: ='BAMAKO POOL-LABOREX'!R12+'BAMAKO POOL-UBIPHARM'!R12+'BAMAKO POOL-AFRICALA'!R12+'BAMAKO POOL-CAMED &TEDIS&AFRICA'!R12 -> 35 | Q12: =P12*C12 -> 29.75 | R12: =D12+F12+H12+J12+L12+N12++P12 -> 221 | S12: =R12*C12 -> 187.85 | T12: =D12+F12+H12+J12+L12+N12 -> 186 | U12: =T12*$C12 -> 158.1 | V12: =S12/5 -> 37.57 | W12: =U12/4 -> 39.525
A13: 9 | B13: PALUCURE 80/480 | C13: 1.98 | D13: ='BAMAKO POOL-LABOREX'!D13+'BAMAKO POOL-UBIPHARM'!D13+'BAMAKO POOL-AFRICALA'!D13+'BAMAKO POOL-CAMED &TEDIS&AFRICA'!D13 -> 108 | E13: =D13*C13 -> 213.84 | F13: ='BAMAKO POOL-LABOREX'!F13+'BAMAKO POOL-UBIPHARM'!F13+'BAMAKO POOL-AFRICALA'!F13+'BAMAKO POOL-CAMED &TEDIS&AFRICA'!F13 -> 79 | G13: =F13*C13 -> 156.42 | H13: ='BAMAKO POOL-LABOREX'!H13+'BAMAKO POOL-UBIPHARM'!H13+'BAMAKO POOL-AFRICALA'!H13+'BAMAKO POOL-CAMED &TEDIS&AFRICA'!H13 -> 229 | I13: =H13*C13 -> 453.42 | J13: ='BAMAKO POOL-LABOREX'!J13+'BAMAKO POOL-UBIPHARM'!J13+'BAMAKO POOL-AFRICALA'!J13+'BAMAKO POOL-CAMED &TEDIS&AFRICA'!J13 -> 79 | K13: =J13*C13 -> 156.42 | L13: ='BAMAKO POOL-LABOREX'!L13+'BAMAKO POOL-UBIPHARM'!L13+'BAMAKO POOL-AFRICALA'!L13+'BAMAKO POOL-CAMED &TEDIS&AFRICA'!L13 -> 223 | M13: =L13*C13 -> 441.54 | N13: ='BAMAKO POOL-LABOREX'!N13+'BAMAKO POOL-UBIPHARM'!N13+'BAMAKO POOL-AFRICALA'!N13+'BAMAKO POOL-CAMED &TEDIS&AFRICA'!N13 -> 380 | O13: =N13*C13 -> 752.4 | P13: ='BAMAKO POOL-LABOREX'!R13+'BAMAKO POOL-UBIPHARM'!R13+'BAMAKO POOL-AFRICALA'!R13+'BAMAKO POOL-CAMED &TEDIS&AFRICA'!R13 -> 353 | Q13: =P13*C13 -> 698.94 | R13: =D13+F13+H13+J13+L13+N13++P13 -> 1451 | S13: =R13*C13 -> 2872.98 | T13: =D13+F13+H13+J13+L13+N13 -> 1098 | U13: =T13*$C13 -> 2174.04 | V13: =S13/5 -> 574.596 | W13: =U13/4 -> 543.51
A14: 10 | B14: PALUCURE 40/240 | C14: 1.98 | D14: ='BAMAKO POOL-LABOREX'!D14+'BAMAKO POOL-UBIPHARM'!D14+'BAMAKO POOL-AFRICALA'!D14+'BAMAKO POOL-CAMED &TEDIS&AFRICA'!D14 -> 17 | E14: =D14*C14 -> 33.66 | F14: ='BAMAKO POOL-LABOREX'!F14+'BAMAKO POOL-UBIPHARM'!F14+'BAMAKO POOL-AFRICALA'!F14+'BAMAKO POOL-CAMED &TEDIS&AFRICA'!F14 -> 7 | G14: =F14*C14 -> 13.86 | H14: ='BAMAKO POOL-LABOREX'!H14+'BAMAKO POOL-UBIPHARM'!H14+'BAMAKO POOL-AFRICALA'!H14+'BAMAKO POOL-CAMED &TEDIS&AFRICA'!H14 -> 46 | I14: =H14*C14 -> 91.08 | J14: ='BAMAKO POOL-LABOREX'!J14+'BAMAKO POOL-UBIPHARM'!J14+'BAMAKO POOL-AFRICALA'!J14+'BAMAKO POOL-CAMED &TEDIS&AFRICA'!J14 -> 8 | K14: =J14*C14 -> 15.84 | L14: ='BAMAKO POOL-LABOREX'!L14+'BAMAKO POOL-UBIPHARM'!L14+'BAMAKO POOL-AFRICALA'!L14+'BAMAKO POOL-CAMED &TEDIS&AFRICA'!L14 -> 68 | M14: =L14*C14 -> 134.64 | N14: ='BAMAKO POOL-LABOREX'!N14+'BAMAKO POOL-UBIPHARM'!N14+'BAMAKO POOL-AFRICALA'!N14+'BAMAKO POOL-CAMED &TEDIS&AFRICA'!N14 -> 136 | O14: =N14*C14 -> 269.28 | P14: ='BAMAKO POOL-LABOREX'!R14+'BAMAKO POOL-UBIPHARM'!R14+'BAMAKO POOL-AFRICALA'!R14+'BAMAKO POOL-CAMED &TEDIS&AFRICA'!R14 -> 73 | Q14: =P14*C14 -> 144.54 | R14: =D14+F14+H14+J14+L14+N14++P14 -> 355 | S14: =R14*C14 -> 702.9 | T14: =D14+F14+H14+J14+L14+N14 -> 282 | U14: =T14*$C14 -> 558.36 | V14: =S14/5 -> 140.58 | W14: =U14/4 -> 139.59
A15: 11 | B15: TRACLAV1125 | C15: 4.69 | D15: ='BAMAKO POOL-LABOREX'!D15+'BAMAKO POOL-UBIPHARM'!D15+'BAMAKO POOL-AFRICALA'!D15+'BAMAKO POOL-CAMED &TEDIS&AFRICA'!D15 -> 0 | E15: =D15*C15 -> 0 | F15: ='BAMAKO POOL-LABOREX'!F15+'BAMAKO POOL-UBIPHARM'!F15+'BAMAKO POOL-AFRICALA'!F15+'BAMAKO POOL-CAMED &TEDIS&AFRICA'!F15 -> 0 | G15: =F15*C15 -> 0 | H15: ='BAMAKO POOL-LABOREX'!H15+'BAMAKO POOL-UBIPHARM'!H15+'BAMAKO POOL-AFRICALA'!H15+'BAMAKO POOL-CAMED &TEDIS&AFRICA'!H15 -> 0 | I15: =H15*C15 -> 0 | J15: ='BAMAKO POOL-LABOREX'!J15+'BAMAKO POOL-UBIPHARM'!J15+'BAMAKO POOL-AFRICALA'!J15+'BAMAKO POOL-CAMED &TEDIS&AFRICA'!J15 -> 0 | K15: =J15*C15 -> 0 | L15: ='BAMAKO POOL-LABOREX'!L15+'BAMAKO POOL-UBIPHARM'!L15+'BAMAKO POOL-AFRICALA'!L15+'BAMAKO POOL-CAMED &TEDIS&AFRICA'!L15 -> 0 | M15: =L15*C15 -> 0 | N15: ='BAMAKO POOL-LABOREX'!N15+'BAMAKO POOL-UBIPHARM'!N15+'BAMAKO POOL-AFRICALA'!N15+'BAMAKO POOL-CAMED &TEDIS&AFRICA'!N15 -> 0 | O15: =N15*C15 -> 0 | P15: ='BAMAKO POOL-LABOREX'!R15+'BAMAKO POOL-UBIPHARM'!R15+'BAMAKO POOL-AFRICALA'!R15+'BAMAKO POOL-CAMED &TEDIS&AFRICA'!R15 -> 0 | Q15: =P15*C15 -> 0 | R15: =D15+F15+H15+J15+L15+N15++P15 -> 0 | S15: =R15*C15 -> 0 | T15: =D15+F15+H15+J15+L15+N15 -> 0 | U15: =T15*$C15 -> 0 | V15: =S15/5 -> 0 | W15: =U15/4 -> 0
A16: 12 | B16: TRACLAV 625 | C16: 2.9 | D16: ='BAMAKO POOL-LABOREX'!D16+'BAMAKO POOL-UBIPHARM'!D16+'BAMAKO POOL-AFRICALA'!D16+'BAMAKO POOL-CAMED &TEDIS&AFRICA'!D16 -> 0 | E16: =D16*C16 -> 0 | F16: ='BAMAKO POOL-LABOREX'!F16+'BAMAKO POOL-UBIPHARM'!F16+'BAMAKO POOL-AFRICALA'!F16+'BAMAKO POOL-CAMED &TEDIS&AFRICA'!F16 -> 0 | G16: =F16*C16 -> 0 | H16: ='BAMAKO POOL-LABOREX'!H16+'BAMAKO POOL-UBIPHARM'!H16+'BAMAKO POOL-AFRICALA'!H16+'BAMAKO POOL-CAMED &TEDIS&AFRICA'!H16 -> 0 | I16: =H16*C16 -> 0 | J16: ='BAMAKO POOL-LABOREX'!J16+'BAMAKO POOL-UBIPHARM'!J16+'BAMAKO POOL-AFRICALA'!J16+'BAMAKO POOL-CAMED &TEDIS&AFRICA'!J16 -> 0 | K16: =J16*C16 -> 0 | L16: ='BAMAKO POOL-LABOREX'!L16+'BAMAKO POOL-UBIPHARM'!L16+'BAMAKO POOL-AFRICALA'!L16+'BAMAKO POOL-CAMED &TEDIS&AFRICA'!L16 -> 0 | M16: =L16*C16 -> 0 | N16: ='BAMAKO POOL-LABOREX'!N16+'BAMAKO POOL-UBIPHARM'!N16+'BAMAKO POOL-AFRICALA'!N16+'BAMAKO POOL-CAMED &TEDIS&AFRICA'!N16 -> 0 | O16: =N16*C16 -> 0 | P16: ='BAMAKO POOL-LABOREX'!R16+'BAMAKO POOL-UBIPHARM'!R16+'BAMAKO POOL-AFRICALA'!R16+'BAMAKO POOL-CAMED &TEDIS&AFRICA'!R16 -> 0 | Q16: =P16*C16 -> 0 | R16: =D16+F16+H16+J16+L16+N16++P16 -> 0 | S16: =R16*C16 -> 0 | T16: =D16+F16+H16+J16+L16+N16 -> 0 | U16: =T16*$C16 -> 0 | V16: =S16/5 -> 0 | W16: =U16/4 -> 0
... A21: 17 | B21: TUMI | C21: 2 | D21: ='BAMAKO POOL-LABOREX'!D21+'BAMAKO POOL-UBIPHARM'!D21+'BAMAKO POOL-AFRICALA'!D21+'BAMAKO POOL-CAMED &TEDIS&AFRICA'!D21 -> 0 | E21: =D21*C21 -> 0 | F21: ='BAMAKO POOL-LABOREX'!F21+'BAMAKO POOL-UBIPHARM'!F21+'BAMAKO POOL-AFRICALA'!F21+'BAMAKO POOL-CAMED &TEDIS&AFRICA'!F21 -> 0 | G21: =F21*C21 -> 0 | H21: ='BAMAKO POOL-LABOREX'!H21+'BAMAKO POOL-UBIPHARM'!H21+'BAMAKO POOL-AFRICALA'!H21+'BAMAKO POOL-CAMED &TEDIS&AFRICA'!H21 -> 0 | I21: =H21*C21 -> 0 | J21: ='BAMAKO POOL-LABOREX'!J21+'BAMAKO POOL-UBIPHARM'!J21+'BAMAKO POOL-AFRICALA'!J21+'BAMAKO POOL-CAMED &TEDIS&AFRICA'!J21 -> 0 | K21: =J21*C21 -> 0 | L21: ='BAMAKO POOL-LABOREX'!L21+'BAMAKO POOL-UBIPHARM'!L21+'BAMAKO POOL-AFRICALA'!L21+'BAMAKO POOL-CAMED &TEDIS&AFRICA'!L21 -> 0 | M21: =L21*C21 -> 0 | N21: ='BAMAKO POOL-LABOREX'!N21+'BAMAKO POOL-UBIPHARM'!N21+'BAMAKO POOL-AFRICALA'!N21+'BAMAKO POOL-CAMED &TEDIS&AFRICA'!N21 -> 0 | O21: =N21*C21 -> 0 | P21: ='BAMAKO POOL-LABOREX'!R21+'BAMAKO POOL-UBIPHARM'!R21+'BAMAKO POOL-AFRICALA'!R21+'BAMAKO POOL-CAMED &TEDIS&AFRICA'!R21 -> 0 | Q21: =P21*C21 -> 0 | R21: =D21+F21+H21+J21+L21+N21++P21 -> 0 | S21: =R21*C21 -> 0 | T21: =D21+F21+H21+J21+L21+N21 -> 0 | U21: =T21*$C21 -> 0 | V21: =S21/5 -> 0 | W21: =U21/4 -> 0
B22: TOTAL | E22: =SUM(E5:E21) -> 2301.33 | G22: =SUM(G5:G21) -> 701.25 | I22: =SUM(I5:I21) -> 2345.22 | K22: =SUM(K5:K21) -> 843 | M22: =SUM(M5:M21) -> 3743.11 | O22: =SUM(O5:O21) -> 7362.47 | Q22: =SUM(Q5:Q21) -> 6837 | S22: =SUM(S5:S21) -> 24133.38 | U22: =SUM(U5:U21) -> 17296.38 | V22: =S22/5 -> 4826.676 | W22: =U22/4 -> 4324.095

Sheet OUTSTATION-AFRICA LAB 
A2: MONTH | B2: 45261
D3: KAYE | F3: KITA | H3: KOULIKORO | J3: SAN | L3: KEGNEBA | N3: BOUGOUNI | P3: SIKASSO | R3: SEGOU | T3: KUTIALLA | V3: MOPTI | X3: TOTAL
B4: PRODUCT NAME | C4: CIF | D4: Unit | E4: value | F4: Unit | G4: value | H4: Unit | I4: Value | J4: Unit | K4: Value | L4: Unit | M4: Value | N4: Unit | O4: Value | P4: Unit | Q4: Value | R4: Unit | S4: Value | T4: Unit | U4: Value | V4: Unit | W4: Value | X4: Unit | Y4: Value
A5: 1 | B5: AQUANATE | C5: 0.99 | E5: =D5*C5 -> 0 | G5: =F5*C5 -> 0 | I5: =C5*H5 -> 0 | K5: =J5*C5 -> 0 | M5: =L5*A5 -> 0 | O5: =N5*C5 -> 0 | Q5: =P5*C5 -> 0 | S5: =R5*C5 -> 0 | U5: =T5*C5 -> 0 | W5: =V5*C5 -> 0 | X5: =D5+F5+H5+J5+L5+N5+P5+R5+T5+V5 -> 0 | Y5: =X5*C5 -> 0
A6: 2 | B6: BACTOXIME SYRP | C6: 2.29 | E6: =D6*C6 -> 0 | G6: =F6*C6 -> 0 | I6: =C6*H6 -> 0 | K6: =J6*C6 -> 0 | M6: =L6*A6 -> 0 | O6: =N6*C6 -> 0 | Q6: =P6*C6 -> 0 | S6: =R6*C6 -> 0 | U6: =T6*C6 -> 0 | W6: =V6*C6 -> 0 | X6: =D6+F6+H6+J6+L6+N6+P6+R6+T6+V6 -> 0 | Y6: =X6*C6 -> 0
A7: 3 | B7: BACTOXIME 200 | C7: 3.66 | E7: =D7*C7 -> 0 | G7: =F7*C7 -> 0 | I7: =C7*H7 -> 0 | K7: =J7*C7 -> 0 | M7: =L7*A7 -> 0 | O7: =N7*C7 -> 0 | Q7: =P7*C7 -> 0 | S7: =R7*C7 -> 0 | U7: =T7*C7 -> 0 | W7: =V7*C7 -> 0 | X7: =D7+F7+H7+J7+L7+N7+P7+R7+T7+V7 -> 0 | Y7: =X7*C7 -> 0
A8: 4 | B8: ESOPRA 20 | C8: 2.81 | E8: =D8*C8 -> 0 | G8: =F8*C8 -> 0 | I8: =C8*H8 -> 0 | K8: =J8*C8 -> 0 | M8: =L8*A8 -> 0 | O8: =N8*C8 -> 0 | Q8: =P8*C8 -> 0 | S8: =R8*C8 -> 0 | U8: =T8*C8 -> 0 | W8: =V8*C8 -> 0 | X8: =D8+F8+H8+J8+L8+N8+P8+R8+T8+V8 -> 0 | Y8: =X8*C8 -> 0
A9: 5 | B9: ESOPRA 40 | C9: 3.46 | E9: =D9*C9 -> 0 | G9: =F9*C9 -> 0 | I9: =C9*H9 -> 0 | K9: =J9*C9 -> 0 | M9: =L9*A9 -> 0 | O9: =N9*C9 -> 0 | Q9: =P9*C9 -> 0 | S9: =R9*C9 -> 0 | U9: =T9*C9 -> 0 | W9: =V9*C9 -> 0 | X9: =D9+F9+H9+J9+L9+N9+P9+R9+T9+V9 -> 0 | Y9: =X9*C9 -> 0
A10: 6 | B10: METAREN | C10: 1.06 | E10: =D10*C10 -> 0 | G10: =F10*C10 -> 0 | I10: =C10*H10 -> 0 | K10: =J10*C10 -> 0 | M10: =L10*A10 -> 0 | O10: =N10*C10 -> 0 | Q10: =P10*C10 -> 0 | S10: =R10*C10 -> 0 | U10: =T10*C10 -> 0 | W10: =V10*C10 -> 0 | X10: =D10+F10+H10+J10+L10+N10+P10+R10+T10+V10 -> 0 | Y10: =X10*C10 -> 0
A11: 7 | B11: DIP3 | C11: 3.63 | E11: =D11*C11 -> 0 | G11: =F11*C11 -> 0 | I11: =C11*H11 -> 0 | K11: =J11*C11 -> 0 | M11: =L11*A11 -> 0 | O11: =N11*C11 -> 0 | Q11: =P11*C11 -> 0 | S11: =R11*C11 -> 0 | U11: =T11*C11 -> 0 | W11: =V11*C11 -> 0 | X11: =D11+F11+H11+J11+L11+N11+P11+R11+T11+V11 -> 0 | Y11: =X11*C11 -> 0
A12: 8 | B12: PALUCURE 20/120 | C12: 0.85 | E12: =D12*C12 -> 0 | G12: =F12*C12 -> 0 | I12: =C12*H12 -> 0 | K12: =J12*C12 -> 0 | M12: =L12*A12 -> 0 | O12: =N12*C12 -> 0 | Q12: =P12*C12 -> 0 | S12: =R12*C12 -> 0 | U12: =T12*C12 -> 0 | W12: =V12*C12 -> 0 | X12: =D12+F12+H12+J12+L12+N12+P12+R12+T12+V12 -> 0 | Y12: =X12*C12 -> 0
A13: 9 | B13: PALUCURE 80/480 | C13: 1.98 | E13: =D13*C13 -> 0 | G13: =F13*C13 -> 0 | I13: =C13*H13 -> 0 | K13: =J13*C13 -> 0 | M13: =L13*A13 -> 0 | O13: =N13*C13 -> 0 | Q13: =P13*C13 -> 0 | S13: =R13*C13 -> 0 | U13: =T13*C13 -> 0 | W13: =V13*C13 -> 0 | X13: =D13+F13+H13+J13+L13+N13+P13+R13+T13+V13 -> 0 | Y13: =X13*C13 -> 0
A14: 10 | B14: PALUCURE 40/240 | C14: 1.98 | E14: =D14*C14 -> 0 | G14: =F14*C14 -> 0 | I14: =C14*H14 -> 0 | K14: =J14*C14 -> 0 | M14: =L14*A14 -> 0 | O14: =N14*C14 -> 0 | Q14: =P14*C14 -> 0 | S14: =R14*C14 -> 0 | U14: =T14*C14 -> 0 | W14: =V14*C14 -> 0 | X14: =D14+F14+H14+J14+L14+N14+P14+R14+T14+V14 -> 0 | Y14: =X14*C14 -> 0
A15: 11 | B15: TRACLAV1125 | C15: 4.69 | E15: =D15*C15 -> 0 | G15: =F15*C15 -> 0 | I15: =C15*H15 -> 0 | K15: =J15*C15 -> 0 | M15: =L15*A15 -> 0 | O15: =N15*C15 -> 0 | Q15: =P15*C15 -> 0 | S15: =R15*C15 -> 0 | U15: =T15*C15 -> 0 | W15: =V15*C15 -> 0 | X15: =D15+F15+H15+J15+L15+N15+P15+R15+T15+V15 -> 0 | Y15: =X15*C15 -> 0
A16: 12 | B16: TRACLAV 625 | C16: 2.9 | E16: =D16*C16 -> 0 | G16: =F16*C16 -> 0 | I16: =C16*H16 -> 0 | K16: =J16*C16 -> 0 | M16: =L16*A16 -> 0 | O16: =N16*C16 -> 0 | Q16: =P16*C16 -> 0 | S16: =R16*C16 -> 0 | U16: =T16*C16 -> 0 | W16: =V16*C16 -> 0 | X16: =D16+F16+H16+J16+L16+N16+P16+R16+T16+V16 -> 0 | Y16: =X16*C16 -> 0
A17: 13 | B17: TRIAF- S | C17: 1.9 | D17: 0 | E17: =D17*C17 -> 0 | F17: 0 | G17: =F17*C17 -> 0 | H17: 0 | I17: =H17*C17 -> 0 | J17: 0 | K17: =J17*C17 -> 0 | L17: 0 | M17: =L17*C17 -> 0 | N17: 0 | O17: =N17*C17 -> 0 | Q17: =P17*C17 -> 0 | R17: 0 | S17: =R17*C17 -> 0
A18: 14 | B18: PALUCURE PLUS 80/480 | C18: 2.4 | D18: 0 | E18: =D18*C18 -> 0 | F18: 0 | G18: =F18*C18 -> 0 | H18: 0 | I18: =H18*C18 -> 0 | J18: 0 | K18: =J18*C18 -> 0 | L18: 0 | M18: =L18*C18 -> 0 | N18: 0 | O18: =N18*C18 -> 0 | Q18: =P18*C18 -> 0 | R18: 0 | S18: =R18*C18 -> 0
A19: 13 | B19: TRACLAV 1.2 | C19: 1.5 | E19: =D19*C19 -> 0 | G19: =F19*C19 -> 0 | I19: =C19*H19 -> 0 | K19: =J19*C19 -> 0 | M19: =L19*A19 -> 0 | O19: =N19*C19 -> 0 | Q19: =P19*C19 -> 0 | S19: =R19*C19 -> 0 | U19: =T19*C19 -> 0 | W19: =V19*C19 -> 0 | X19: =D19+F19+H19+J19+L19+N19+P19+R19+T19+V19 -> 0 | Y19: =X19*C19 -> 0
A20: 16 | B20: TRACLAV1125 SACHT | C20: 5.38 | D20: 0 | E20: =D20*C20 -> 0 | G20: =F20*C20 -> 0 | H20: 0 | I20: =H20*C20 -> 0 | K20: =J20*C20 -> 0 | L20: 0 | M20: =L20*C20 -> 0 | N20: 0 | O20: =N20*C20 -> 0 | Q20: =P20*C20 -> 0 | R20: 0 | S20: =R20*C20 -> 0 | T20: =D20+F20+H20+J20+L20+N20+P20+R20 -> 0 | U20: =T20*C20 -> 0
A21: 17 | B21: TUMI | C21: 2 | D21: 0 | E21: =D21*C21 -> 0 | G21: =F21*A21 -> 0 | H21: 0 | I21: =H21*C21 -> 0 | K21: =J21*C21 -> 0 | L21: 0 | M21: =L21*C21 -> 0 | N21: 0 | O21: =N21*C21 -> 0 | Q21: =P21*C21 -> 0 | R21: 0 | S21: =R21*C21 -> 0 | T21: =D21+F21+H21+J21+L21+N21+P21+R21 -> 0 | U21: =T21*C21 -> 0
B22: TOTAL | E22: =SUM(E5:E19) -> 0 | G22: =SUM(G5:G19) -> 0 | K22: =SUM(K5:K19) -> 0 | Q22: =SUM(Q5:Q19) -> 0 | S22: =SUM(S5:S19) -> 0 | T22: 0 | U22: =SUM(U5:U19) -> 0 | W22: =SUM(W5:W19) -> 0 | Y22: =E22+G22+I22+K22+M22+O22+Q22+S22+U22+W22 -> 0

Sheet UBIPHARM-OUTSTATION
A2: MONTH | B2: 45597
D3: KAYES | F3: KITA | H3: KOULIKORO | J3: SAN | L3: KENIGBA | N3: BOUGOUNI | P3: SIKASSO | R3: SEGOU | T3: KUTIALLA | V3: MOPTI | X3: TOTAL
B4: PRODUCT NAME | C4: CIF | D4: Unit | E4: value | F4: Unit | G4: value | H4: Unit | I4: Value | J4: Unit | K4: Value | L4: Unit | M4: Value | N4: Unit | O4: Value | P4: Unit | Q4: Value | R4: Unit | S4: Value | T4: Unit | U4: Value | V4: Unit | W4: Value | X4: Unit | Y4: Value
A5: 1 | B5: AQUANATE | C5: 0.99 | D5: 600 | E5: =D5*C5 -> 594 | F5: 50 | G5: =F5*C5 -> 49.5 | H5: 69 | I5: =C5*H5 -> 68.31 | J5: 224 | K5: =J5*C5 -> 221.76 | L5: 48 | M5: =L5*C5 -> 47.52 | N5: 65 | O5: =N5*C5 -> 64.35 | P5: 400 | Q5: =P5*C5 -> 396 | R5: 300 | S5: =R5*C5 -> 297 | T5: 100 | U5: =T5*C5 -> 99 | V5: 5930 | W5: =V5*C5 -> 5870.7 | X5: =D5+F5+H5+J5+L5+N5+P5+R5+T5+V5 -> 7786 | Y5: =X5*C5 -> 7708.14
A6: 2 | B6: BACTOXIME SYRP | C6: 2.29 | D6: 10 | E6: =D6*C6 -> 22.9 | F6: 0 | G6: =F6*C6 -> 0 | H6: 0 | I6: =C6*H6 -> 0 | J6: 0 | K6: =J6*C6 -> 0 | L6: 0 | M6: =L6*C6 -> 0 | N6: 1 | O6: =N6*C6 -> 2.29 | P6: 2 | Q6: =P6*C6 -> 4.58 | R6: 4 | S6: =R6*C6 -> 9.16 | T6: 4 | U6: =T6*C6 -> 9.16 | V6: 0 | W6: =V6*C6 -> 0 | X6: =D6+F6+H6+J6+L6+N6+P6+R6+T6+V6 -> 21 | Y6: =X6*C6 -> 48.09
A7: 3 | B7: BACTOXIME 200 | C7: 3.66 | D7: 200 | E7: =D7*C7 -> 732 | F7: 66 | G7: =F7*C7 -> 241.56 | H7: 85 | I7: =C7*H7 -> 311.1 | J7: 181 | K7: =J7*C7 -> 662.46 | L7: 50 | M7: =L7*C7 -> 183 | N7: 40 | O7: =N7*C7 -> 146.4 | P7: 138 | Q7: =P7*C7 -> 505.08 | R7: 200 | S7: =R7*C7 -> 732 | T7: 60 | U7: =T7*C7 -> 219.6 | V7: 80 | W7: =V7*C7 -> 292.8 | X7: =D7+F7+H7+J7+L7+N7+P7+R7+T7+V7 -> 1100 | Y7: =X7*C7 -> 4026
A8: 4 | B8: ESOPRA 20 | C8: 2.81 | D8: 15 | E8: =D8*C8 -> 42.15 | F8: 5 | G8: =F8*C8 -> 14.05 | H8: 10 | I8: =C8*H8 -> 28.1 | J8: 0 | K8: =J8*C8 -> 0 | L8: 3 | M8: =L8*C8 -> 8.43 | N8: 6 | O8: =N8*C8 -> 16.86 | P8: 10 | Q8: =P8*C8 -> 28.1 | R8: 4 | S8: =R8*C8 -> 11.24 | T8: 7 | U8: =T8*C8 -> 19.67 | V8: 11 | W8: =V8*C8 -> 30.91 | X8: =D8+F8+H8+J8+L8+N8+P8+R8+T8+V8 -> 71 | Y8: =X8*C8 -> 199.51
A9: 5 | B9: ESOPRA 40 | C9: 3.46 | D9: 50 | E9: =D9*C9 -> 173 | F9: 28 | G9: =F9*C9 -> 96.88 | H9: 13 | I9: =C9*H9 -> 44.98 | J9: 6 | K9: =J9*C9 -> 20.76 | L9: 20 | M9: =L9*C9 -> 69.2 | N9: 8 | O9: =N9*C9 -> 27.68 | P9: 24 | Q9: =P9*C9 -> 83.04 | R9: 20 | S9: =R9*C9 -> 69.2 | T9: 12 | U9: =T9*C9 -> 41.52 | V9: 5 | W9: =V9*C9 -> 17.3 | X9: =D9+F9+H9+J9+L9+N9+P9+R9+T9+V9 -> 186 | Y9: =X9*C9 -> 643.56
A10: 6 | B10: METAREN | C10: 1.06 | D10: 0 | E10: =D10*C10 -> 0 | F10: 0 | G10: =F10*C10 -> 0 | H10: 13 | I10: =C10*H10 -> 13.78 | J10: 0 | K10: =J10*C10 -> 0 | L10: 0 | M10: =L10*C10 -> 0 | N10: 0 | O10: =N10*C10 -> 0 | P10: 0 | Q10: =P10*C10 -> 0 | R10: 0 | S10: =R10*C10 -> 0 | T10: 0 | U10: =T10*C10 -> 0 | V10: 0 | W10: =V10*C10 -> 0 | X10: =D10+F10+H10+J10+L10+N10+P10+R10+T10+V10 -> 13 | Y10: =X10*C10 -> 13.78
A11: 7 | B11: DIP3 | C11: 3.63 | D11: 0 | E11: =D11*C11 -> 0 | F11: 0 | G11: =F11*C11 -> 0 | H11: 0 | I11: =C11*H11 -> 0 | J11: 0 | K11: =J11*C11 -> 0 | L11: 0 | M11: =L11*C11 -> 0 | N11: 0 | O11: =N11*C11 -> 0 | P11: 0 | Q11: =P11*C11 -> 0 | R11: 0 | S11: =R11*C11 -> 0 | T11: 0 | U11: =T11*C11 -> 0 | V11: 0 | W11: =V11*C11 -> 0 | X11: =D11+F11+H11+J11+L11+N11+P11+R11+T11+V11 -> 0 | Y11: =X11*C11 -> 0
A12: 8 | B12: PALUCURE 20/120 | C12: 0.85 | D12: 10 | E12: =D12*C12 -> 8.5 | F12: 8 | G12: =F12*C12 -> 6.8 | H12: 44 | I12: =C12*H12 -> 37.4 | J12: 0 | K12: =J12*C12 -> 0 | L12: 7 | M12: =L12*C12 -> 5.95 | N12: 0 | O12: =N12*C12 -> 0 | P12: 5 | Q12: =P12*C12 -> 4.25 | R12: 2 | S12: =R12*C12 -> 1.7 | T12: 0 | U12: =T12*C12 -> 0 | V12: 11 | W12: =V12*C12 -> 9.35 | X12: =D12+F12+H12+J12+L12+N12+P12+R12+T12+V12 -> 87 | Y12: =X12*C12 -> 73.95
A13: 9 | B13: PALUCURE 80/480 | C13: 1.98 | D13: 60 | E13: =D13*C13 -> 118.8 | F13: 2 | G13: =F13*C13 -> 3.96 | H13: 86 | I13: =C13*H13 -> 170.28 | J13: 91 | K13: =J13*C13 -> 180.18 | L13: 1 | M13: =L13*C13 -> 1.98 | N13: 40 | O13: =N13*C13 -> 79.2 | P13: 100 | Q13: =P13*C13 -> 198 | R13: 200 | S13: =R13*C13 -> 396 | T13: 56 | U13: =T13*C13 -> 110.88 | V13: 190 | W13: =V13*C13 -> 376.2 | X13: =D13+F13+H13+J13+L13+N13+P13+R13+T13+V13 -> 826 | Y13: =X13*C13 -> 1635.48
A14: 10 | B14: PALUCURE 40/240 | C14: 1.98 | D14: 30 | E14: =D14*C14 -> 59.4 | F14: 50 | G14: =F14*C14 -> 99 | H14: 26 | I14: =C14*H14 -> 51.48 | J14: 12 | K14: =J14*C14 -> 23.76 | L14: 25 | M14: =L14*C14 -> 49.5 | N14: 10 | O14: =N14*C14 -> 19.8 | P14: 20 | Q14: =P14*C14 -> 39.6 | R14: 40 | S14: =R14*C14 -> 79.2 | T14: 11 | U14: =T14*C14 -> 21.78 | V14: 48 | W14: =V14*C14 -> 95.04 | X14: =D14+F14+H14+J14+L14+N14+P14+R14+T14+V14 -> 272 | Y14: =X14*C14 -> 538.56
A15: 11 | B15: TRACLAV1125 | C15: 4.69 | D15: 0 | E15: =D15*C15 -> 0 | F15: 0 | G15: =F15*C15 -> 0 | H15: 44 | I15: =C15*H15 -> 206.36 | J15: 0 | K15: =J15*C15 -> 0 | L15: 0 | M15: =L15*C15 -> 0 | N15: 0 | O15: =N15*C15 -> 0 | P15: 0 | Q15: =P15*C15 -> 0 | R15: 0 | S15: =R15*C15 -> 0 | T15: 0 | U15: =T15*C15 -> 0 | V15: 23 | W15: =V15*C15 -> 107.87 | X15: =D15+F15+H15+J15+L15+N15+P15+R15+T15+V15 -> 67 | Y15: =X15*C15 -> 314.23
A16: 12 | B16: TRACLAV 625 | C16: 2.9 | D16: 0 | E16: =D16*C16 -> 0 | F16: 0 | G16: =F16*C16 -> 0 | H16: 22 | I16: =C16*H16 -> 63.8 | J16: 0 | K16: =J16*C16 -> 0 | L16: 0 | M16: =L16*C16 -> 0 | N16: 0 | O16: =N16*C16 -> 0 | P16: 0 | Q16: =P16*C16 -> 0 | R16: 0 | S16: =R16*C16 -> 0 | T16: 0 | U16: =T16*C16 -> 0 | V16: 1 | W16: =V16*C16 -> 2.9 | X16: =D16+F16+H16+J16+L16+N16+P16+R16+T16+V16 -> 23 | Y16: =X16*C16 -> 66.7
A17: 13 | B17: TRIAF- S | C17: 1.9 | D17: 50 | E17: =D17*C17 -> 95 | F17: 20 | G17: =F17*C17 -> 38 | H17: 0 | I17: =H17*C17 -> 0 | J17: 0 | K17: =J17*C17 -> 0 | L17: 0 | M17: =L17*C17 -> 0 | N17: 10 | O17: =N17*C17 -> 19 | P17: 274 | Q17: =P17*C17 -> 520.6 | R17: 10 | S17: =R17*C17 -> 19 | T17: 0 | U17: =T17*C17 -> 0 | V17: 0 | W17: =V17*C17 -> 0 | X17: =D17+F17+H17+J17+L17+N17+P17+R17+T17+V17 -> 364 | Y17: =X17*C17 -> 691.6
A18: 14 | B18: PALUCURE PLUS 80/480 | C18: 2.4 | D18: 0 | E18: =D18*C18 -> 0 | F18: 0 | G18: =F18*C18 -> 0 | H18: 0 | I18: =H18*C18 -> 0 | J18: 0 | K18: =J18*C18 -> 0 | L18: 0 | M18: =L18*C18 -> 0 | N18: 0 | O18: =N18*C18 -> 0 | P18: 0 | Q18: 0 | R18: 0 | S18: =R18*C18 -> 0 | T18: 0 | U18: =T18*C18 -> 0 | V18: 0 | W18: =V18*C18 -> 0 | X18: =D18+F18+H18+J18+L18+N18+P18+R18+T18+V18 -> 0 | Y18: =X18*C18 -> 0
A19: 15 | B19: TRACLAV 1.2 | C19: 1.5 | D19: 0 | E19: =D19*C19 -> 0 | F19: 0 | G19: =F19*C19 -> 0 | H19: 46 | I19: =H19*C19 -> 69 | J19: 0 | K19: =J19*C19 -> 0 | L19: 0 | M19: =L19*C19 -> 0 | N19: 0 | O19: =N19*C19 -> 0 | P19: 0 | Q19: =P19*C19 -> 0 | R19: 0 | S19: =R19*C19 -> 0 | T19: 0 | U19: =T19*C19 -> 0 | V19: 363 | W19: =V19*C19 -> 544.5 | X19: =D19+F19+H19+J19+L19+N19+P19+R19+T19+V19 -> 409 | Y19: =X19*C19 -> 613.5
A20: 16 | B20: TRACLAV1125 SACHT | C20: 5.38 | D20: 32 | E20: =D20*C20 -> 172.16 | F20: 20 | G20: =F20*C20 -> 107.6 | H20: 38 | I20: =H20*C20 -> 204.44 | J20: 5 | K20: =J20*C20 -> 26.9 | L20: 10 | M20: =L20*C20 -> 53.8 | N20: 30 | O20: =N20*C20 -> 161.4 | P20: 30 | Q20: =P20*C20 -> 161.4 | R20: 9 | S20: =R20*C20 -> 48.42 | T20: 27 | U20: =T20*C20 -> 145.26 | V20: 3 | W20: =V20*C20 -> 16.14 | X20: =D20+F20+H20+J20+L20+N20+P20+R20+T20+V20 -> 204 | Y20: =X20*C20 -> 1097.52
A21: 17 | B21: TUMI | C21: 2 | D21: 0 | E21: =D21*C21 -> 0 | F21: 0 | G21: =F21*A21 -> 0 | H21: 42 | I21: =H21*C21 -> 84 | J21: 0 | K21: =J21*C21 -> 0 | L21: 0 | M21: =L21*C21 -> 0 | N21: 0 | O21: =N21*C21 -> 0 | P21: 0 | Q21: =P21*C21 -> 0 | R21: 0 | S21: =R21*C21 -> 0 | T21: 0 | U21: =T21*C21 -> 0 | V21: 0 | W21: =V21*C21 -> 0 | X21: =D21+F21+H21+J21+L21+N21+P21+R21+T21+V21 -> 42 | Y21: =X21*C21 -> 84
B22: TOTAL | E22: =SUM(E5:E21) -> 2017.91 | G22: =SUM(G5:G21) -> 657.35 | I22: =SUM(I5:I21) -> 1353.03 | K22: =SUM(K5:K21) -> 1135.82 | M22: =SUM(M5:M21) -> 419.38 | O22: =SUM(O5:O21) -> 536.98 | Q22: =SUM(Q5:Q21) -> 1940.65 | S22: =SUM(S5:S21) -> 1662.92 | T22: 0 | U22: =SUM(U5:U21) -> 666.87 | W22: =SUM(W5:W21) -> 7363.71 | Y22: =SUM(Y5:Y21) -> 17754.62

Sheet LABOREX OUTSTATION
A2: MONTH | B2: 45962
D3: KAYE | F3: KITA | H3: KOULIKORO | J3: SAN | L3: KIGNEBA | N3: BOUGOUNI | P3: SIKASSO | R3: SEGOU | T3: KUTIALLA | V3: MOPTI | X3: TOTAL
B4: PRODUCT NAME | C4: CIF | D4: Unit | E4: value | F4: Unit | G4: value | H4: Unit | I4: value | J4: Unit | K4: value | L4: Unit | M4: value | N4: Unit | O4: value | P4: Unit | Q4: Value | R4: Unit | S4: Value | T4: Unit | U4: Value | V4: Unit | W4: Value | X4: Unit | Y4: Value
A5: 1 | B5: AQUANATE | C5: 0.99 | D5: 200 | E5: =D5*C5 -> 198 | F5: 0 | G5: =C5*F5 -> 0 | H5: 193 | I5: =H5*C5 -> 191.07 | J5: 0 | K5: =J5*C5 -> 0 | L5: 197 | M5: =L5*C5 -> 195.03 | N5: 33 | O5: =C5*N5 -> 32.67 | P5: 625 | Q5: =P5*C5 -> 618.75 | R5: 1235 | S5: =R5*C5 -> 1222.65 | T5: 196 | U5: =T5*C5 -> 194.04 | V5: 86 | W5: =V5*C5 -> 85.14 | X5: =D5+F5+H5+J5+L5+N5+P5+R5+T5+V5 -> 2765 | Y5: =X5*C5 -> 2737.35
A6: 2 | B6: BACTOXIME SYRP | C6: 2.29 | D6: 40 | E6: =D6*C6 -> 91.6 | F6: 30 | G6: =C6*F6 -> 68.7 | H6: 16 | I6: =H6*C6 -> 36.64 | J6: 10 | K6: =J6*C6 -> 22.9 | L6: 16 | M6: =L6*C6 -> 36.64 | N6: 48 | O6: =C6*N6 -> 109.92 | P6: 32 | Q6: =P6*C6 -> 73.28 | R6: 166 | S6: =R6*C6 -> 380.14 | T6: 35 | U6: =T6*C6 -> 80.15 | V6: 44 | W6: =V6*C6 -> 100.76 | X6: =D6+F6+H6+J6+L6+N6+P6+R6+T6+V6 -> 437 | Y6: =X6*C6 -> 1000.73
A7: 3 | B7: BACTOXIME 200 | C7: 3.66 | D7: 15 | E7: =D7*C7 -> 54.9 | F7: 0 | G7: =C7*F7 -> 0 | H7: 10 | I7: =H7*C7 -> 36.6 | J7: 0 | K7: =J7*C7 -> 0 | L7: 0 | M7: =L7*C7 -> 0 | N7: 16 | O7: =C7*N7 -> 58.56 | P7: 60 | Q7: =P7*C7 -> 219.6 | R7: 64 | S7: =R7*C7 -> 234.24 | T7: 16 | U7: =T7*C7 -> 58.56 | V7: 11 | W7: =V7*C7 -> 40.26 | X7: =D7+F7+H7+J7+L7+N7+P7+R7+T7+V7 -> 192 | Y7: =X7*C7 -> 702.72
A8: 4 | B8: ESOPRA 20 | C8: 2.81 | D8: 20 | E8: =D8*C8 -> 56.2 | F8: 6 | G8: =C8*F8 -> 16.86 | H8: 5 | I8: =H8*C8 -> 14.05 | J8: 0 | K8: =J8*C8 -> 0 | L8: 8 | M8: =L8*C8 -> 22.48 | N8: 5 | O8: =C8*N8 -> 14.05 | P8: 11 | Q8: =P8*C8 -> 30.91 | R8: 3 | S8: =R8*C8 -> 8.43 | T8: 22 | U8: =T8*C8 -> 61.82 | V8: 3 | W8: =V8*C8 -> 8.43 | X8: =D8+F8+H8+J8+L8+N8+P8+R8+T8+V8 -> 83 | Y8: =X8*C8 -> 233.23
A9: 5 | B9: ESOPRA 40 | C9: 3.46 | D9: 70 | E9: =D9*C9 -> 242.2 | F9: 10 | G9: =C9*F9 -> 34.6 | H9: 16 | I9: =H9*C9 -> 55.36 | J9: 110 | K9: =J9*C9 -> 380.6 | L9: 19 | M9: =L9*C9 -> 65.74 | N9: 6 | O9: =C9*N9 -> 20.76 | P9: 20 | Q9: =P9*C9 -> 69.2 | R9: 52 | S9: =R9*C9 -> 179.92 | T9: 11 | U9: =T9*C9 -> 38.06 | V9: 6 | W9: =V9*C9 -> 20.76 | X9: =D9+F9+H9+J9+L9+N9+P9+R9+T9+V9 -> 320 | Y9: =X9*C9 -> 1107.2
A10: 6 | B10: METAREN | C10: 1.06 | D10: 0 | E10: =D10*C10 -> 0 | F10: 0 | G10: =C10*F10 -> 0 | H10: 15 | I10: =H10*C10 -> 15.9 | J10: 1 | K10: =J10*C10 -> 1.06 | L10: 0 | M10: =L10*C10 -> 0 | N10: 4 | O10: =C10*N10 -> 4.24 | P10: 0 | Q10: =P10*C10 -> 0 | R10: 0 | S10: =R10*C10 -> 0 | T10: 0 | U10: =T10*C10 -> 0 | V10: 119 | W10: =V10*C10 -> 126.14 | X10: =D10+F10+H10+J10+L10+N10+P10+R10+T10+V10 -> 139 | Y10: =X10*C10 -> 147.34
A11: 7 | B11: DIP3 | C11: 3.63 | D11: 0 | E11: =D11*C11 -> 0 | F11: 0 | G11: =C11*F11 -> 0 | H11: 2 | I11: =H11*C11 -> 7.26 | J11: 0 | K11: =J11*C11 -> 0 | L11: 0 | M11: =L11*C11 -> 0 | N11: 0 | O11: =C11*N11 -> 0 | P11: 0 | Q11: =P11*C11 -> 0 | R11: 0 | S11: =R11*C11 -> 0 | T11: 0 | U11: =T11*C11 -> 0 | V11: 3 | W11: =V11*C11 -> 10.89 | X11: =D11+F11+H11+J11+L11+N11+P11+R11+T11+V11 -> 5 | Y11: =X11*C11 -> 18.15
A12: 8 | B12: PALUCURE 20/120 | C12: 0.85 | D12: 0 | E12: =D12*C12 -> 0 | F12: 0 | G12: =C12*F12 -> 0 | H12: 0 | I12: =H12*C12 -> 0 | J12: 0 | K12: =J12*C12 -> 0 | L12: 0 | M12: =L12*C12 -> 0 | N12: 0 | O12: =C12*N12 -> 0 | P12: 0 | Q12: =P12*C12 -> 0 | R12: 0 | S12: =R12*C12 -> 0 | T12: 0 | U12: =T12*C12 -> 0 | V12: 0 | W12: =V12*C12 -> 0 | X12: =D12+F12+H12+J12+L12+N12+P12+R12+T12+V12 -> 0 | Y12: =X12*C12 -> 0
A13: 9 | B13: PALUCURE 80/480 | C13: 1.98 | D13: 100 | E13: =D13*C13 -> 198 | F13: 120 | G13: =C13*F13 -> 237.6 | H13: 107 | I13: =H13*C13 -> 211.86 | J13: 682 | K13: =J13*C13 -> 1350.36 | L13: 27 | M13: =L13*C13 -> 53.46 | N13: 68 | O13: =C13*N13 -> 134.64 | P13: 84 | Q13: =P13*C13 -> 166.32 | R13: 332 | S13: =R13*C13 -> 657.36 | T13: 100 | U13: =T13*C13 -> 198 | V13: 94 | W13: =V13*C13 -> 186.12 | X13: =D13+F13+H13+J13+L13+N13+P13+R13+T13+V13 -> 1714 | Y13: =X13*C13 -> 3393.72
A14: 10 | B14: PALUCURE 40/240 | C14: 1.98 | D14: 10 | E14: =D14*C14 -> 19.8 | F14: 57 | G14: =C14*F14 -> 112.86 | H14: 0 | I14: =H14*C14 -> 0 | J14: 0 | K14: =J14*C14 -> 0 | L14: 7 | M14: =L14*C14 -> 13.86 | N14: 11 | O14: =C14*N14 -> 21.78 | P14: 7 | Q14: =P14*C14 -> 13.86 | R14: 21 | S14: =R14*C14 -> 41.58 | T14: 14 | U14: =T14*C14 -> 27.72 | V14: 2 | W14: =V14*C14 -> 3.96 | X14: =D14+F14+H14+J14+L14+N14+P14+R14+T14+V14 -> 129 | Y14: =X14*C14 -> 255.42
A15: 11 | B15: TRACLAV1125 | C15: 4.69 | D15: 0 | E15: =D15*C15 -> 0 | F15: 2 | G15: =C15*F15 -> 9.38 | H15: 21 | I15: =H15*C15 -> 98.49 | J15: 2 | K15: =J15*C15 -> 9.38 | L15: 24 | M15: =L15*C15 -> 112.56 | N15: 21 | O15: =C15*N15 -> 98.49 | P15: 0 | Q15: =P15*C15 -> 0 | R15: 0 | S15: =R15*C15 -> 0 | T15: 0 | U15: =T15*C15 -> 0 | V15: 3 | W15: =V15*C15 -> 14.07 | X15: =D15+F15+H15+J15+L15+N15+P15+R15+T15+V15 -> 73 | Y15: =X15*C15 -> 342.37
A16: 12 | B16: TRACLAV 625 | C16: 2.9 | D16: 0 | E16: =D16*C16 -> 0 | F16: 0 | G16: =C16*F16 -> 0 | H16: 1 | I16: =H16*C16 -> 2.9 | J16: 0 | K16: =J16*C16 -> 0 | L16: 2 | M16: =L16*C16 -> 5.8 | N16: 2 | O16: =C16*N16 -> 5.8 | P16: 0 | Q16: =P16*C16 -> 0 | R16: 0 | S16: =R16*C16 -> 0 | T16: 0 | U16: =T16*C16 -> 0 | V16: 0 | W16: =V16*C16 -> 0 | X16: =D16+F16+H16+J16+L16+N16+P16+R16+T16+V16 -> 5 | Y16: =X16*C16 -> 14.5
A17: 13 | B17: TRIAF- S | C17: 1.9 | D17: 0 | E17: =D17*C17 -> 0 | F17: 0 | G17: =F17*C17 -> 0 | H17: 0 | I17: =H17*C17 -> 0 | J17: 0 | K17: =J17*C17 -> 0 | L17: 0 | M17: =L17*C17 -> 0 | N17: 0 | O17: =N17*C17 -> 0 | P17: 0 | Q17: =P17*C17 -> 0 | R17: 0 | S17: =R17*C17 -> 0 | T17: 0 | U17: =T17*C17 -> 0 | V17: 0 | W17: =V17*C17 -> 0 | X17: =D17+F17+H17+J17+L17+N17+P17+R17+T17+V17 -> 0 | Y17: =X17*C17 -> 0
A18: 14 | B18: PALUCURE PLUS 80/480 | C18: 2.4 | D18: 0 | E18: =D18*C18 -> 0 | F18: 0 | G18: =F18*C18 -> 0 | H18: 0 | I18: =H18*C18 -> 0 | J18: 0 | K18: =J18*C18 -> 0 | L18: 0 | M18: =L18*C18 -> 0 | N18: 0 | O18: =N18*C18 -> 0 | P18: 0 | Q18: =P18*C18 -> 0 | R18: 0 | S18: =R18*C18 -> 0 | T18: 0 | U18: =T18*C18 -> 0 | V18: 0 | W18: =V18*C18 -> 0 | X18: =D18+F18+H18+J18+L18+N18+P18+R18+T18+V18 -> 0 | Y18: =X18*C18 -> 0
A19: 15 | B19: TRACLAV 1.2 | C19: 1.5 | D19: 0 | E19: =D19*C19 -> 0 | F19: 9 | G19: =F19*C19 -> 13.5 | H19: 6 | I19: =H19*C19 -> 9 | J19: 30 | K19: =J19*C19 -> 45 | L19: 25 | M19: =L19*C19 -> 37.5 | N19: 120 | O19: =C19*N19 -> 180 | P19: 0 | Q19: =P19*C19 -> 0 | R19: 0 | S19: =R19*C19 -> 0 | T19: 0 | U19: =T19*C19 -> 0 | V19: 141 | W19: =V19*C19 -> 211.5 | X19: =D19+F19+H19+J19+L19+N19+P19+R19+T19+V19 -> 331 | Y19: =X19*C19 -> 496.5
A20: 16 | B20: TRACLAV1125 SACHT | C20: 5.38 | D20: 15 | E20: =D20*C20 -> 80.7 | F20: 0 | G20: =F20*C20 -> 0 | H20: 0 | I20: =H20*C20 -> 0 | J20: 0 | K20: =J20*C20 -> 0 | L20: 0 | M20: =L20*C20 -> 0 | N20: 0 | O20: =N20*C20 -> 0 | P20: 6 | Q20: =P20*C20 -> 32.28 | R20: 0 | S20: =R20*C20 -> 0 | T20: 1 | U20: =T20*C20 -> 5.38 | V20: 0 | W20: =V20*C20 -> 0 | X20: =D20+F20+H20+J20+L20+N20+P20+R20+T20+V20 -> 22 | Y20: =X20*C20 -> 118.36
A21: 17 | B21: TUMI | C21: 2 | D21: 0 | E21: =D21*C21 -> 0 | F21: 0 | G21: =F21*A21 -> 0 | H21: 0 | I21: =H21*C21 -> 0 | J21: 0 | K21: =J21*C21 -> 0 | L21: 0 | M21: =L21*C21 -> 0 | N21: 0 | O21: =N21*C21 -> 0 | P21: 0 | Q21: =P21*C21 -> 0 | R21: 0 | S21: =R21*C21 -> 0 | T21: 0 | U21: =T21*C21 -> 0 | V21: 0 | W21: =V21*C21 -> 0 | X21: =D21+F21+H21+J21+L21+N21+P21+R21+T21+V21 -> 0 | Y21: =X21*C21 -> 0
B22: TOTAL | E22: =SUM(E5:E21) -> 941.4 | G22: =SUM(G5:G21) -> 493.5 | I22: =SUM(I5:I21) -> 679.13 | K22: =SUM(K5:K21) -> 1809.3 | M22: =SUM(M5:M21) -> 543.07 | O22: =SUM(O5:O21) -> 680.91 | Q22: =SUM(Q5:Q21) -> 1224.2 | S22: =SUM(S5:S21) -> 2724.32 | U22: =SUM(U5:U21) -> 663.73 | W22: =SUM(W5:W21) -> 808.03 | Y22: =E22+G22+I22+K22+M22+O22+Q22+S22+U22+W22 -> 10567.59

Sheet TOTAL UBI -LABOREX-CAMED-AFRI
A2: MONTH | B2: 45627
D3: KAYE | F3: KITA | H3: KOULIKORO | J3: SAN | L3: KIGNEBA | N3: BOUGOUNI | P3: SIKASSO | R3: SEGOU | T3: KUTIALLA | V3: MOPTI | X3: TOTAL
B4: PRODUCT NAME | C4: CIF | D4: Unit | E4: value | F4: Unit | G4: value | H4: Unit | I4: value | J4: Unit | K4: value | L4: Unit | M4: value | N4: Unit | O4: value | P4: Unit | Q4: Value | R4: Unit | S4: Value | T4: Unit | U4: Value | V4: Unit | W4: Value | X4: Unit | Y4: Value
A5: 1 | B5: AQUANATE | C5: 0.99 | D5: ='OUTSTATION-AFRICA LAB '!D5+'UBIPHARM-OUTSTATION'!D5+'LABOREX OUTSTATION'!D5+'CAMED & TEDIS OUTSTATION'!D5 -> 800 | E5: =D5*C5 -> 792 | F5: ='OUTSTATION-AFRICA LAB '!F5+'UBIPHARM-OUTSTATION'!F5+'LABOREX OUTSTATION'!F5+'CAMED & TEDIS OUTSTATION'!F5 -> 190 | G5: =C5*F5 -> 188.1 | H5: ='OUTSTATION-AFRICA LAB '!H5+'UBIPHARM-OUTSTATION'!H5+'LABOREX OUTSTATION'!H5+'CAMED & TEDIS OUTSTATION'!H5 -> 262 | I5: =H5*C5 -> 259.38 | J5: ='OUTSTATION-AFRICA LAB '!J5+'UBIPHARM-OUTSTATION'!J5+'LABOREX OUTSTATION'!J5+'CAMED & TEDIS OUTSTATION'!J5 -> 224 | K5: =J5*C5 -> 221.76 | L5: ='OUTSTATION-AFRICA LAB '!L5+'UBIPHARM-OUTSTATION'!L5+'LABOREX OUTSTATION'!L5+'CAMED & TEDIS OUTSTATION'!L5 -> 1445 | M5: =L5*C5 -> 1430.55 | N5: ='OUTSTATION-AFRICA LAB '!N5+'UBIPHARM-OUTSTATION'!N5+'LABOREX OUTSTATION'!N5+'CAMED & TEDIS OUTSTATION'!N5 -> 98 | O5: =C5*N5 -> 97.02 | P5: ='OUTSTATION-AFRICA LAB '!P5+'UBIPHARM-OUTSTATION'!P5+'LABOREX OUTSTATION'!P5+'CAMED & TEDIS OUTSTATION'!P5 -> 1505 | Q5: =P5*C5 -> 1489.95 | R5: ='OUTSTATION-AFRICA LAB '!R5+'UBIPHARM-OUTSTATION'!R5+'LABOREX OUTSTATION'!R5+'CAMED & TEDIS OUTSTATION'!R5 -> 1535 | S5: =R5*C5 -> 1519.65 | T5: ='OUTSTATION-AFRICA LAB '!T5+'UBIPHARM-OUTSTATION'!T5+'LABOREX OUTSTATION'!T5+'CAMED & TEDIS OUTSTATION'!T5 -> 296 | U5: =T5*C5 -> 293.04 | V5: ='OUTSTATION-AFRICA LAB '!V5+'UBIPHARM-OUTSTATION'!V5+'LABOREX OUTSTATION'!V5+'CAMED & TEDIS OUTSTATION'!V5 -> 6016 | W5: =V5*C5 -> 5955.84 | X5: =D5+F5+H5+J5+L5+N5+P5+R5+T5+V5 -> 12371 | Y5: =X5*C5 -> 12247.29
A6: 2 | B6: BACTOXIME SYRP | C6: 2.29 | D6: ='OUTSTATION-AFRICA LAB '!D6+'UBIPHARM-OUTSTATION'!D6+'LABOREX OUTSTATION'!D6+'CAMED & TEDIS OUTSTATION'!D6 -> 50 | E6: =D6*C6 -> 114.5 | F6: ='OUTSTATION-AFRICA LAB '!F6+'UBIPHARM-OUTSTATION'!F6+'LABOREX OUTSTATION'!F6+'CAMED & TEDIS OUTSTATION'!F6 -> 44 | G6: =C6*F6 -> 100.76 | H6: ='OUTSTATION-AFRICA LAB '!H6+'UBIPHARM-OUTSTATION'!H6+'LABOREX OUTSTATION'!H6+'CAMED & TEDIS OUTSTATION'!H6 -> 16 | I6: =H6*C6 -> 36.64 | J6: ='OUTSTATION-AFRICA LAB '!J6+'UBIPHARM-OUTSTATION'!J6+'LABOREX OUTSTATION'!J6+'CAMED & TEDIS OUTSTATION'!J6 -> 10 | K6: =J6*C6 -> 22.9 | L6: ='OUTSTATION-AFRICA LAB '!L6+'UBIPHARM-OUTSTATION'!L6+'LABOREX OUTSTATION'!L6+'CAMED & TEDIS OUTSTATION'!L6 -> 16 | M6: =L6*C6 -> 36.64 | N6: ='OUTSTATION-AFRICA LAB '!N6+'UBIPHARM-OUTSTATION'!N6+'LABOREX OUTSTATION'!N6+'CAMED & TEDIS OUTSTATION'!N6 -> 49 | O6: =C6*N6 -> 112.21 | P6: ='OUTSTATION-AFRICA LAB '!P6+'UBIPHARM-OUTSTATION'!P6+'LABOREX OUTSTATION'!P6+'CAMED & TEDIS OUTSTATION'!P6 -> 34 | Q6: =P6*C6 -> 77.86 | R6: ='OUTSTATION-AFRICA LAB '!R6+'UBIPHARM-OUTSTATION'!R6+'LABOREX OUTSTATION'!R6+'CAMED & TEDIS OUTSTATION'!R6 -> 170 | S6: =R6*C6 -> 389.3 | T6: ='OUTSTATION-AFRICA LAB '!T6+'UBIPHARM-OUTSTATION'!T6+'LABOREX OUTSTATION'!T6+'CAMED & TEDIS OUTSTATION'!T6 -> 39 | U6: =T6*C6 -> 89.31 | V6: ='OUTSTATION-AFRICA LAB '!V6+'UBIPHARM-OUTSTATION'!V6+'LABOREX OUTSTATION'!V6+'CAMED & TEDIS OUTSTATION'!V6 -> 44 | W6: =V6*C6 -> 100.76 | X6: =D6+F6+H6+J6+L6+N6+P6+R6+T6+V6 -> 472 | Y6: =X6*C6 -> 1080.88
A7: 3 | B7: BACTOXIME 200 | C7: 3.66 | D7: ='OUTSTATION-AFRICA LAB '!D7+'UBIPHARM-OUTSTATION'!D7+'LABOREX OUTSTATION'!D7+'CAMED & TEDIS OUTSTATION'!D7 -> 280 | E7: =D7*C7 -> 1024.8 | F7: ='OUTSTATION-AFRICA LAB '!F7+'UBIPHARM-OUTSTATION'!F7+'LABOREX OUTSTATION'!F7+'CAMED & TEDIS OUTSTATION'!F7 -> 66 | G7: =C7*F7 -> 241.56 | H7: ='OUTSTATION-AFRICA LAB '!H7+'UBIPHARM-OUTSTATION'!H7+'LABOREX OUTSTATION'!H7+'CAMED & TEDIS OUTSTATION'!H7 -> 119 | I7: =H7*C7 -> 435.54 | J7: ='OUTSTATION-AFRICA LAB '!J7+'UBIPHARM-OUTSTATION'!J7+'LABOREX OUTSTATION'!J7+'CAMED & TEDIS OUTSTATION'!J7 -> 181 | K7: =J7*C7 -> 662.46 | L7: ='OUTSTATION-AFRICA LAB '!L7+'UBIPHARM-OUTSTATION'!L7+'LABOREX OUTSTATION'!L7+'CAMED & TEDIS OUTSTATION'!L7 -> 50 | M7: =L7*C7 -> 183 | N7: ='OUTSTATION-AFRICA LAB '!N7+'UBIPHARM-OUTSTATION'!N7+'LABOREX OUTSTATION'!N7+'CAMED & TEDIS OUTSTATION'!N7 -> 76 | O7: =C7*N7 -> 278.16 | P7: ='OUTSTATION-AFRICA LAB '!P7+'UBIPHARM-OUTSTATION'!P7+'LABOREX OUTSTATION'!P7+'CAMED & TEDIS OUTSTATION'!P7 -> 254 | Q7: =P7*C7 -> 929.64 | R7: ='OUTSTATION-AFRICA LAB '!R7+'UBIPHARM-OUTSTATION'!R7+'LABOREX OUTSTATION'!R7+'CAMED & TEDIS OUTSTATION'!R7 -> 348 | S7: =R7*C7 -> 1273.68 | T7: ='OUTSTATION-AFRICA LAB '!T7+'UBIPHARM-OUTSTATION'!T7+'LABOREX OUTSTATION'!T7+'CAMED & TEDIS OUTSTATION'!T7 -> 76 | U7: =T7*C7 -> 278.16 | V7: ='OUTSTATION-AFRICA LAB '!V7+'UBIPHARM-OUTSTATION'!V7+'LABOREX OUTSTATION'!V7+'CAMED & TEDIS OUTSTATION'!V7 -> 103 | W7: =V7*C7 -> 376.98 | X7: =D7+F7+H7+J7+L7+N7+P7+R7+T7+V7 -> 1553 | Y7: =X7*C7 -> 5683.98
A8: 4 | B8: ESOPRA 20 | C8: 2.81 | D8: ='OUTSTATION-AFRICA LAB '!D8+'UBIPHARM-OUTSTATION'!D8+'LABOREX OUTSTATION'!D8+'CAMED & TEDIS OUTSTATION'!D8 -> 35 | E8: =D8*C8 -> 98.35 | F8: ='OUTSTATION-AFRICA LAB '!F8+'UBIPHARM-OUTSTATION'!F8+'LABOREX OUTSTATION'!F8+'CAMED & TEDIS OUTSTATION'!F8 -> 11 | G8: =C8*F8 -> 30.91 | H8: ='OUTSTATION-AFRICA LAB '!H8+'UBIPHARM-OUTSTATION'!H8+'LABOREX OUTSTATION'!H8+'CAMED & TEDIS OUTSTATION'!H8 -> 15 | I8: =H8*C8 -> 42.15 | J8: ='OUTSTATION-AFRICA LAB '!J8+'UBIPHARM-OUTSTATION'!J8+'LABOREX OUTSTATION'!J8+'CAMED & TEDIS OUTSTATION'!J8 -> 0 | K8: =J8*C8 -> 0 | L8: ='OUTSTATION-AFRICA LAB '!L8+'UBIPHARM-OUTSTATION'!L8+'LABOREX OUTSTATION'!L8+'CAMED & TEDIS OUTSTATION'!L8 -> 11 | M8: =L8*C8 -> 30.91 | N8: ='OUTSTATION-AFRICA LAB '!N8+'UBIPHARM-OUTSTATION'!N8+'LABOREX OUTSTATION'!N8+'CAMED & TEDIS OUTSTATION'!N8 -> 11 | O8: =C8*N8 -> 30.91 | P8: ='OUTSTATION-AFRICA LAB '!P8+'UBIPHARM-OUTSTATION'!P8+'LABOREX OUTSTATION'!P8+'CAMED & TEDIS OUTSTATION'!P8 -> 21 | Q8: =P8*C8 -> 59.01 | R8: ='OUTSTATION-AFRICA LAB '!R8+'UBIPHARM-OUTSTATION'!R8+'LABOREX OUTSTATION'!R8+'CAMED & TEDIS OUTSTATION'!R8 -> 7 | S8: =R8*C8 -> 19.67 | T8: ='OUTSTATION-AFRICA LAB '!T8+'UBIPHARM-OUTSTATION'!T8+'LABOREX OUTSTATION'!T8+'CAMED & TEDIS OUTSTATION'!T8 -> 29 | U8: =T8*C8 -> 81.49 | V8: ='OUTSTATION-AFRICA LAB '!V8+'UBIPHARM-OUTSTATION'!V8+'LABOREX OUTSTATION'!V8+'CAMED & TEDIS OUTSTATION'!V8 -> 14 | W8: =V8*C8 -> 39.34 | X8: =D8+F8+H8+J8+L8+N8+P8+R8+T8+V8 -> 154 | Y8: =X8*C8 -> 432.74
A9: 5 | B9: ESOPRA 40 | C9: 3.46 | D9: ='OUTSTATION-AFRICA LAB '!D9+'UBIPHARM-OUTSTATION'!D9+'LABOREX OUTSTATION'!D9+'CAMED & TEDIS OUTSTATION'!D9 -> 140 | E9: =D9*C9 -> 484.4 | F9: ='OUTSTATION-AFRICA LAB '!F9+'UBIPHARM-OUTSTATION'!F9+'LABOREX OUTSTATION'!F9+'CAMED & TEDIS OUTSTATION'!F9 -> 38 | G9: =C9*F9 -> 131.48 | H9: ='OUTSTATION-AFRICA LAB '!H9+'UBIPHARM-OUTSTATION'!H9+'LABOREX OUTSTATION'!H9+'CAMED & TEDIS OUTSTATION'!H9 -> 41 | I9: =H9*C9 -> 141.86 | J9: ='OUTSTATION-AFRICA LAB '!J9+'UBIPHARM-OUTSTATION'!J9+'LABOREX OUTSTATION'!J9+'CAMED & TEDIS OUTSTATION'!J9 -> 116 | K9: =J9*C9 -> 401.36 | L9: ='OUTSTATION-AFRICA LAB '!L9+'UBIPHARM-OUTSTATION'!L9+'LABOREX OUTSTATION'!L9+'CAMED & TEDIS OUTSTATION'!L9 -> 39 | M9: =L9*C9 -> 134.94 | N9: ='OUTSTATION-AFRICA LAB '!N9+'UBIPHARM-OUTSTATION'!N9+'LABOREX OUTSTATION'!N9+'CAMED & TEDIS OUTSTATION'!N9 -> 25 | O9: =C9*N9 -> 86.5 | P9: ='OUTSTATION-AFRICA LAB '!P9+'UBIPHARM-OUTSTATION'!P9+'LABOREX OUTSTATION'!P9+'CAMED & TEDIS OUTSTATION'!P9 -> 46 | Q9: =P9*C9 -> 159.16 | R9: ='OUTSTATION-AFRICA LAB '!R9+'UBIPHARM-OUTSTATION'!R9+'LABOREX OUTSTATION'!R9+'CAMED & TEDIS OUTSTATION'!R9 -> 75 | S9: =R9*C9 -> 259.5 | T9: ='OUTSTATION-AFRICA LAB '!T9+'UBIPHARM-OUTSTATION'!T9+'LABOREX OUTSTATION'!T9+'CAMED & TEDIS OUTSTATION'!T9 -> 23 | U9: =T9*C9 -> 79.58 | V9: ='OUTSTATION-AFRICA LAB '!V9+'UBIPHARM-OUTSTATION'!V9+'LABOREX OUTSTATION'!V9+'CAMED & TEDIS OUTSTATION'!V9 -> 70 | W9: =V9*C9 -> 242.2 | X9: =D9+F9+H9+J9+L9+N9+P9+R9+T9+V9 -> 613 | Y9: =X9*C9 -> 2120.98
A10: 6 | B10: METAREN | C10: 1.06 | D10: ='OUTSTATION-AFRICA LAB '!D10+'UBIPHARM-OUTSTATION'!D10+'LABOREX OUTSTATION'!D10+'CAMED & TEDIS OUTSTATION'!D10 -> 0 | E10: =D10*C10 -> 0 | F10: ='OUTSTATION-AFRICA LAB '!F10+'UBIPHARM-OUTSTATION'!F10+'LABOREX OUTSTATION'!F10+'CAMED & TEDIS OUTSTATION'!F10 -> 0 | G10: =C10*F10 -> 0 | H10: ='OUTSTATION-AFRICA LAB '!H10+'UBIPHARM-OUTSTATION'!H10+'LABOREX OUTSTATION'!H10+'CAMED & TEDIS OUTSTATION'!H10 -> 28 | I10: =H10*C10 -> 29.68 | J10: ='OUTSTATION-AFRICA LAB '!J10+'UBIPHARM-OUTSTATION'!J10+'LABOREX OUTSTATION'!J10+'CAMED & TEDIS OUTSTATION'!J10 -> 1 | K10: =J10*C10 -> 1.06 | L10: ='OUTSTATION-AFRICA LAB '!L10+'UBIPHARM-OUTSTATION'!L10+'LABOREX OUTSTATION'!L10+'CAMED & TEDIS OUTSTATION'!L10 -> 0 | M10: =L10*C10 -> 0 | N10: ='OUTSTATION-AFRICA LAB '!N10+'UBIPHARM-OUTSTATION'!N10+'LABOREX OUTSTATION'!N10+'CAMED & TEDIS OUTSTATION'!N10 -> 4 | O10: =C10*N10 -> 4.24 | P10: ='OUTSTATION-AFRICA LAB '!P10+'UBIPHARM-OUTSTATION'!P10+'LABOREX OUTSTATION'!P10+'CAMED & TEDIS OUTSTATION'!P10 -> 0 | Q10: =P10*C10 -> 0 | R10: ='OUTSTATION-AFRICA LAB '!R10+'UBIPHARM-OUTSTATION'!R10+'LABOREX OUTSTATION'!R10+'CAMED & TEDIS OUTSTATION'!R10 -> 0 | S10: =R10*C10 -> 0 | T10: ='OUTSTATION-AFRICA LAB '!T10+'UBIPHARM-OUTSTATION'!T10+'LABOREX OUTSTATION'!T10+'CAMED & TEDIS OUTSTATION'!T10 -> 0 | U10: =T10*C10 -> 0 | V10: ='OUTSTATION-AFRICA LAB '!V10+'UBIPHARM-OUTSTATION'!V10+'LABOREX OUTSTATION'!V10+'CAMED & TEDIS OUTSTATION'!V10 -> 119 | W10: =V10*C10 -> 126.14 | X10: =D10+F10+H10+J10+L10+N10+P10+R10+T10+V10 -> 152 | Y10: =X10*C10 -> 161.12
A11: 7 | B11: DIP3 | C11: 3.63 | D11: ='OUTSTATION-AFRICA LAB '!D11+'UBIPHARM-OUTSTATION'!D11+'LABOREX OUTSTATION'!D11+'CAMED & TEDIS OUTSTATION'!D11 -> 0 | E11: =D11*C11 -> 0 | F11: ='OUTSTATION-AFRICA LAB '!F11+'UBIPHARM-OUTSTATION'!F11+'LABOREX OUTSTATION'!F11+'CAMED & TEDIS OUTSTATION'!F11 -> 0 | G11: =C11*F11 -> 0 | H11: ='OUTSTATION-AFRICA LAB '!H11+'UBIPHARM-OUTSTATION'!H11+'LABOREX OUTSTATION'!H11+'CAMED & TEDIS OUTSTATION'!H11 -> 2 | I11: =H11*C11 -> 7.26 | J11: ='OUTSTATION-AFRICA LAB '!J11+'UBIPHARM-OUTSTATION'!J11+'LABOREX OUTSTATION'!J11+'CAMED & TEDIS OUTSTATION'!J11 -> 0 | K11: =J11*C11 -> 0 | L11: ='OUTSTATION-AFRICA LAB '!L11+'UBIPHARM-OUTSTATION'!L11+'LABOREX OUTSTATION'!L11+'CAMED & TEDIS OUTSTATION'!L11 -> 0 | M11: =L11*C11 -> 0 | N11: ='OUTSTATION-AFRICA LAB '!N11+'UBIPHARM-OUTSTATION'!N11+'LABOREX OUTSTATION'!N11+'CAMED & TEDIS OUTSTATION'!N11 -> 0 | O11: =C11*N11 -> 0 | P11: ='OUTSTATION-AFRICA LAB '!P11+'UBIPHARM-OUTSTATION'!P11+'LABOREX OUTSTATION'!P11+'CAMED & TEDIS OUTSTATION'!P11 -> 0 | Q11: =P11*C11 -> 0 | R11: ='OUTSTATION-AFRICA LAB '!R11+'UBIPHARM-OUTSTATION'!R11+'LABOREX OUTSTATION'!R11+'CAMED & TEDIS OUTSTATION'!R11 -> 0 | S11: =R11*C11 -> 0 | T11: ='OUTSTATION-AFRICA LAB '!T11+'UBIPHARM-OUTSTATION'!T11+'LABOREX OUTSTATION'!T11+'CAMED & TEDIS OUTSTATION'!T11 -> 0 | U11: =T11*C11 -> 0 | V11: ='OUTSTATION-AFRICA LAB '!V11+'UBIPHARM-OUTSTATION'!V11+'LABOREX OUTSTATION'!V11+'CAMED & TEDIS OUTSTATION'!V11 -> 3 | W11: =V11*C11 -> 10.89 | X11: =D11+F11+H11+J11+L11+N11+P11+R11+T11+V11 -> 5 | Y11: =X11*C11 -> 18.15
A12: 8 | B12: PALUCURE 20/120 | C12: 0.85 | D12: ='OUTSTATION-AFRICA LAB '!D12+'UBIPHARM-OUTSTATION'!D12+'LABOREX OUTSTATION'!D12+'CAMED & TEDIS OUTSTATION'!D12 -> 10 | E12: =D12*C12 -> 8.5 | F12: ='OUTSTATION-AFRICA LAB '!F12+'UBIPHARM-OUTSTATION'!F12+'LABOREX OUTSTATION'!F12+'CAMED & TEDIS OUTSTATION'!F12 -> 8 | G12: =C12*F12 -> 6.8 | H12: ='OUTSTATION-AFRICA LAB '!H12+'UBIPHARM-OUTSTATION'!H12+'LABOREX OUTSTATION'!H12+'CAMED & TEDIS OUTSTATION'!H12 -> 44 | I12: =H12*C12 -> 37.4 | J12: ='OUTSTATION-AFRICA LAB '!J12+'UBIPHARM-OUTSTATION'!J12+'LABOREX OUTSTATION'!J12+'CAMED & TEDIS OUTSTATION'!J12 -> 0 | K12: =J12*C12 -> 0 | L12: ='OUTSTATION-AFRICA LAB '!L12+'UBIPHARM-OUTSTATION'!L12+'LABOREX OUTSTATION'!L12+'CAMED & TEDIS OUTSTATION'!L12 -> 7 | M12: =L12*C12 -> 5.95 | N12: ='OUTSTATION-AFRICA LAB '!N12+'UBIPHARM-OUTSTATION'!N12+'LABOREX OUTSTATION'!N12+'CAMED & TEDIS OUTSTATION'!N12 -> 0 | O12: =C12*N12 -> 0 | P12: ='OUTSTATION-AFRICA LAB '!P12+'UBIPHARM-OUTSTATION'!P12+'LABOREX OUTSTATION'!P12+'CAMED & TEDIS OUTSTATION'!P12 -> 5 | Q12: =P12*C12 -> 4.25 | R12: ='OUTSTATION-AFRICA LAB '!R12+'UBIPHARM-OUTSTATION'!R12+'LABOREX OUTSTATION'!R12+'CAMED & TEDIS OUTSTATION'!R12 -> 2 | S12: =R12*C12 -> 1.7 | T12: ='OUTSTATION-AFRICA LAB '!T12+'UBIPHARM-OUTSTATION'!T12+'LABOREX OUTSTATION'!T12+'CAMED & TEDIS OUTSTATION'!T12 -> 0 | U12: =T12*C12 -> 0 | V12: ='OUTSTATION-AFRICA LAB '!V12+'UBIPHARM-OUTSTATION'!V12+'LABOREX OUTSTATION'!V12+'CAMED & TEDIS OUTSTATION'!V12 -> 11 | W12: =V12*C12 -> 9.35 | X12: =D12+F12+H12+J12+L12+N12+P12+R12+T12+V12 -> 87 | Y12: =X12*C12 -> 73.95
A13: 9 | B13: PALUCURE 80/480 | C13: 1.98 | D13: ='OUTSTATION-AFRICA LAB '!D13+'UBIPHARM-OUTSTATION'!D13+'LABOREX OUTSTATION'!D13+'CAMED & TEDIS OUTSTATION'!D13 -> 160 | E13: =D13*C13 -> 316.8 | F13: ='OUTSTATION-AFRICA LAB '!F13+'UBIPHARM-OUTSTATION'!F13+'LABOREX OUTSTATION'!F13+'CAMED & TEDIS OUTSTATION'!F13 -> 122 | G13: =C13*F13 -> 241.56 | H13: ='OUTSTATION-AFRICA LAB '!H13+'UBIPHARM-OUTSTATION'!H13+'LABOREX OUTSTATION'!H13+'CAMED & TEDIS OUTSTATION'!H13 -> 213 | I13: =H13*C13 -> 421.74 | J13: ='OUTSTATION-AFRICA LAB '!J13+'UBIPHARM-OUTSTATION'!J13+'LABOREX OUTSTATION'!J13+'CAMED & TEDIS OUTSTATION'!J13 -> 823 | K13: =J13*C13 -> 1629.54 | L13: ='OUTSTATION-AFRICA LAB '!L13+'UBIPHARM-OUTSTATION'!L13+'LABOREX OUTSTATION'!L13+'CAMED & TEDIS OUTSTATION'!L13 -> 28 | M13: =L13*C13 -> 55.44 | N13: ='OUTSTATION-AFRICA LAB '!N13+'UBIPHARM-OUTSTATION'!N13+'LABOREX OUTSTATION'!N13+'CAMED & TEDIS OUTSTATION'!N13 -> 108 | O13: =C13*N13 -> 213.84 | P13: ='OUTSTATION-AFRICA LAB '!P13+'UBIPHARM-OUTSTATION'!P13+'LABOREX OUTSTATION'!P13+'CAMED & TEDIS OUTSTATION'!P13 -> 304 | Q13: =P13*C13 -> 601.92 | R13: ='OUTSTATION-AFRICA LAB '!R13+'UBIPHARM-OUTSTATION'!R13+'LABOREX OUTSTATION'!R13+'CAMED & TEDIS OUTSTATION'!R13 -> 532 | S13: =R13*C13 -> 1053.36 | T13: ='OUTSTATION-AFRICA LAB '!T13+'UBIPHARM-OUTSTATION'!T13+'LABOREX OUTSTATION'!T13+'CAMED & TEDIS OUTSTATION'!T13 -> 156 | U13: =T13*C13 -> 308.88 | V13: ='OUTSTATION-AFRICA LAB '!V13+'UBIPHARM-OUTSTATION'!V13+'LABOREX OUTSTATION'!V13+'CAMED & TEDIS OUTSTATION'!V13 -> 284 | W13: =V13*C13 -> 562.32 | X13: =D13+F13+H13+J13+L13+N13+P13+R13+T13+V13 -> 2730 | Y13: =X13*C13 -> 5405.4
A14: 10 | B14: PALUCURE 40/240 | C14: 1.98 | D14: ='OUTSTATION-AFRICA LAB '!D14+'UBIPHARM-OUTSTATION'!D14+'LABOREX OUTSTATION'!D14+'CAMED & TEDIS OUTSTATION'!D14 -> 40 | E14: =D14*C14 -> 79.2 | F14: ='OUTSTATION-AFRICA LAB '!F14+'UBIPHARM-OUTSTATION'!F14+'LABOREX OUTSTATION'!F14+'CAMED & TEDIS OUTSTATION'!F14 -> 107 | G14: =C14*F14 -> 211.86 | H14: ='OUTSTATION-AFRICA LAB '!H14+'UBIPHARM-OUTSTATION'!H14+'LABOREX OUTSTATION'!H14+'CAMED & TEDIS OUTSTATION'!H14 -> 36 | I14: =H14*C14 -> 71.28 | J14: ='OUTSTATION-AFRICA LAB '!J14+'UBIPHARM-OUTSTATION'!J14+'LABOREX OUTSTATION'!J14+'CAMED & TEDIS OUTSTATION'!J14 -> 62 | K14: =J14*C14 -> 122.76 | L14: ='OUTSTATION-AFRICA LAB '!L14+'UBIPHARM-OUTSTATION'!L14+'LABOREX OUTSTATION'!L14+'CAMED & TEDIS OUTSTATION'!L14 -> 35 | M14: =L14*C14 -> 69.3 | N14: ='OUTSTATION-AFRICA LAB '!N14+'UBIPHARM-OUTSTATION'!N14+'LABOREX OUTSTATION'!N14+'CAMED & TEDIS OUTSTATION'!N14 -> 21 | O14: =C14*N14 -> 41.58 | P14: ='OUTSTATION-AFRICA LAB '!P14+'UBIPHARM-OUTSTATION'!P14+'LABOREX OUTSTATION'!P14+'CAMED & TEDIS OUTSTATION'!P14 -> 27 | Q14: =P14*C14 -> 53.46 | R14: ='OUTSTATION-AFRICA LAB '!R14+'UBIPHARM-OUTSTATION'!R14+'LABOREX OUTSTATION'!R14+'CAMED & TEDIS OUTSTATION'!R14 -> 61 | S14: =R14*C14 -> 120.78 | T14: ='OUTSTATION-AFRICA LAB '!T14+'UBIPHARM-OUTSTATION'!T14+'LABOREX OUTSTATION'!T14+'CAMED & TEDIS OUTSTATION'!T14 -> 25 | U14: =T14*C14 -> 49.5 | V14: ='OUTSTATION-AFRICA LAB '!V14+'UBIPHARM-OUTSTATION'!V14+'LABOREX OUTSTATION'!V14+'CAMED & TEDIS OUTSTATION'!V14 -> 50 | W14: =V14*C14 -> 99 | X14: =D14+F14+H14+J14+L14+N14+P14+R14+T14+V14 -> 464 | Y14: =X14*C14 -> 918.72
A15: 11 | B15: TRACLAV1125 | C15: 4.69 | D15: ='OUTSTATION-AFRICA LAB '!D15+'UBIPHARM-OUTSTATION'!D15+'LABOREX OUTSTATION'!D15+'CAMED & TEDIS OUTSTATION'!D15 -> 0 | E15: =D15*C15 -> 0 | F15: ='OUTSTATION-AFRICA LAB '!F15+'UBIPHARM-OUTSTATION'!F15+'LABOREX OUTSTATION'!F15+'CAMED & TEDIS OUTSTATION'!F15 -> 2 | G15: =C15*F15 -> 9.38 | H15: ='OUTSTATION-AFRICA LAB '!H15+'UBIPHARM-OUTSTATION'!H15+'LABOREX OUTSTATION'!H15+'CAMED & TEDIS OUTSTATION'!H15 -> 65 | I15: =H15*C15 -> 304.85 | J15: ='OUTSTATION-AFRICA LAB '!J15+'UBIPHARM-OUTSTATION'!J15+'LABOREX OUTSTATION'!J15+'CAMED & TEDIS OUTSTATION'!J15 -> 2 | K15: =J15*C15 -> 9.38 | L15: ='OUTSTATION-AFRICA LAB '!L15+'UBIPHARM-OUTSTATION'!L15+'LABOREX OUTSTATION'!L15+'CAMED & TEDIS OUTSTATION'!L15 -> 24 | M15: =L15*C15 -> 112.56 | N15: ='OUTSTATION-AFRICA LAB '!N15+'UBIPHARM-OUTSTATION'!N15+'LABOREX OUTSTATION'!N15+'CAMED & TEDIS OUTSTATION'!N15 -> 21 | O15: =C15*N15 -> 98.49 | P15: ='OUTSTATION-AFRICA LAB '!P15+'UBIPHARM-OUTSTATION'!P15+'LABOREX OUTSTATION'!P15+'CAMED & TEDIS OUTSTATION'!P15 -> 0 | Q15: =P15*C15 -> 0 | R15: ='OUTSTATION-AFRICA LAB '!R15+'UBIPHARM-OUTSTATION'!R15+'LABOREX OUTSTATION'!R15+'CAMED & TEDIS OUTSTATION'!R15 -> 0 | S15: =R15*C15 -> 0 | T15: ='OUTSTATION-AFRICA LAB '!T15+'UBIPHARM-OUTSTATION'!T15+'LABOREX OUTSTATION'!T15+'CAMED & TEDIS OUTSTATION'!T15 -> 0 | U15: =T15*C15 -> 0 | V15: ='OUTSTATION-AFRICA LAB '!V15+'UBIPHARM-OUTSTATION'!V15+'LABOREX OUTSTATION'!V15+'CAMED & TEDIS OUTSTATION'!V15 -> 26 | W15: =V15*C15 -> 121.94 | X15: =D15+F15+H15+J15+L15+N15+P15+R15+T15+V15 -> 140 | Y15: =X15*C15 -> 656.6
A16: 12 | B16: TRACLAV 625 | C16: 2.9 | D16: ='OUTSTATION-AFRICA LAB '!D16+'UBIPHARM-OUTSTATION'!D16+'LABOREX OUTSTATION'!D16+'CAMED & TEDIS OUTSTATION'!D16 -> 0 | E16: =D16*C16 -> 0 | F16: ='OUTSTATION-AFRICA LAB '!F16+'UBIPHARM-OUTSTATION'!F16+'LABOREX OUTSTATION'!F16+'CAMED & TEDIS OUTSTATION'!F16 -> 0 | G16: =C16*F16 -> 0 | H16: ='OUTSTATION-AFRICA LAB '!H16+'UBIPHARM-OUTSTATION'!H16+'LABOREX OUTSTATION'!H16+'CAMED & TEDIS OUTSTATION'!H16 -> 23 | I16: =H16*C16 -> 66.7 | J16: ='OUTSTATION-AFRICA LAB '!J16+'UBIPHARM-OUTSTATION'!J16+'LABOREX OUTSTATION'!J16+'CAMED & TEDIS OUTSTATION'!J16 -> 0 | K16: =J16*C16 -> 0 | L16: ='OUTSTATION-AFRICA LAB '!L16+'UBIPHARM-OUTSTATION'!L16+'LABOREX OUTSTATION'!L16+'CAMED & TEDIS OUTSTATION'!L16 -> 2 | M16: =L16*C16 -> 5.8 | N16: ='OUTSTATION-AFRICA LAB '!N16+'UBIPHARM-OUTSTATION'!N16+'LABOREX OUTSTATION'!N16+'CAMED & TEDIS OUTSTATION'!N16 -> 2 | O16: =C16*N16 -> 5.8 | P16: ='OUTSTATION-AFRICA LAB '!P16+'UBIPHARM-OUTSTATION'!P16+'LABOREX OUTSTATION'!P16+'CAMED & TEDIS OUTSTATION'!P16 -> 0 | Q16: =P16*C16 -> 0 | R16: ='OUTSTATION-AFRICA LAB '!R16+'UBIPHARM-OUTSTATION'!R16+'LABOREX OUTSTATION'!R16+'CAMED & TEDIS OUTSTATION'!R16 -> 0 | S16: =R16*C16 -> 0 | T16: ='OUTSTATION-AFRICA LAB '!T16+'UBIPHARM-OUTSTATION'!T16+'LABOREX OUTSTATION'!T16+'CAMED & TEDIS OUTSTATION'!T16 -> 0 | U16: =T16*C16 -> 0 | V16: ='OUTSTATION-AFRICA LAB '!V16+'UBIPHARM-OUTSTATION'!V16+'LABOREX OUTSTATION'!V16+'CAMED & TEDIS OUTSTATION'!V16 -> 1 | W16: =V16*C16 -> 2.9 | X16: =D16+F16+H16+J16+L16+N16+P16+R16+T16+V16 -> 28 | Y16: =X16*C16 -> 81.2
A17: 13 | B17: TRACLAV 1.2 | C17: 1.5 | D17: ='OUTSTATION-AFRICA LAB '!D19+'UBIPHARM-OUTSTATION'!D19+'LABOREX OUTSTATION'!D19+'CAMED & TEDIS OUTSTATION'!D19 -> 0 | E17: =D17*C17 -> 0 | F17: ='OUTSTATION-AFRICA LAB '!F19+'UBIPHARM-OUTSTATION'!F19+'LABOREX OUTSTATION'!F19+'CAMED & TEDIS OUTSTATION'!F19 -> 9 | G17: =C17*F17 -> 13.5 | H17: ='OUTSTATION-AFRICA LAB '!H19+'UBIPHARM-OUTSTATION'!H19+'LABOREX OUTSTATION'!H19+'CAMED & TEDIS OUTSTATION'!H19 -> 52 | I17: =H17*C17 -> 78 | J17: ='OUTSTATION-AFRICA LAB '!J19+'UBIPHARM-OUTSTATION'!J19+'LABOREX OUTSTATION'!J19+'CAMED & TEDIS OUTSTATION'!J19 -> 30 | K17: =J17*C17 -> 45 | L17: ='OUTSTATION-AFRICA LAB '!L19+'UBIPHARM-OUTSTATION'!L19+'LABOREX OUTSTATION'!L19+'CAMED & TEDIS OUTSTATION'!L19 -> 25 | M17: =L17*C17 -> 37.5 | N17: ='OUTSTATION-AFRICA LAB '!N19+'UBIPHARM-OUTSTATION'!N19+'LABOREX OUTSTATION'!N19+'CAMED & TEDIS OUTSTATION'!N19 -> 120 | O17: =C17*N17 -> 180 | P17: ='OUTSTATION-AFRICA LAB '!P19+'UBIPHARM-OUTSTATION'!P19+'LABOREX OUTSTATION'!P19+'CAMED & TEDIS OUTSTATION'!P19 -> 0 | Q17: =P17*C17 -> 0 | R17: ='OUTSTATION-AFRICA LAB '!R19+'UBIPHARM-OUTSTATION'!R19+'LABOREX OUTSTATION'!R19+'CAMED & TEDIS OUTSTATION'!R19 -> 0 | S17: =R17*C17 -> 0 | T17: ='OUTSTATION-AFRICA LAB '!T19+'UBIPHARM-OUTSTATION'!T19+'LABOREX OUTSTATION'!T19+'CAMED & TEDIS OUTSTATION'!T19 -> 0 | U17: =T17*C17 -> 0 | V17: ='OUTSTATION-AFRICA LAB '!V19+'UBIPHARM-OUTSTATION'!V19+'LABOREX OUTSTATION'!V19+'CAMED & TEDIS OUTSTATION'!V19 -> 504 | W17: =V17*C17 -> 756 | X17: =D17+F17+H17+J17+L17+N17+P17+R17+T17+V17 -> 740 | Y17: =X17*C17 -> 1110
A18: 16 | B18: TRACLAV1125 SACHT | C18: 5.38 | D18: ='OUTSTATION-AFRICA LAB '!D20+'UBIPHARM-OUTSTATION'!D20+'LABOREX OUTSTATION'!D20+'CAMED & TEDIS OUTSTATION'!D20 -> 47 | E18: =D18*C18 -> 252.86 | F18: ='OUTSTATION-AFRICA LAB '!F20+'UBIPHARM-OUTSTATION'!F20+'LABOREX OUTSTATION'!F20+'CAMED & TEDIS OUTSTATION'!F20 -> 20 | G18: =C18*F18 -> 107.6 | H18: ='OUTSTATION-AFRICA LAB '!H20+'UBIPHARM-OUTSTATION'!H20+'LABOREX OUTSTATION'!H20+'CAMED & TEDIS OUTSTATION'!H20 -> 38 | I18: =H18*C18 -> 204.44 | J18: ='OUTSTATION-AFRICA LAB '!J20+'UBIPHARM-OUTSTATION'!J20+'LABOREX OUTSTATION'!J20+'CAMED & TEDIS OUTSTATION'!J20 -> 5 | K18: =J18*C18 -> 26.9 | L18: ='OUTSTATION-AFRICA LAB '!L20+'UBIPHARM-OUTSTATION'!L20+'LABOREX OUTSTATION'!L20+'CAMED & TEDIS OUTSTATION'!L20 -> 10 | M18: =L18*C18 -> 53.8 | N18: ='OUTSTATION-AFRICA LAB '!N20+'UBIPHARM-OUTSTATION'!N20+'LABOREX OUTSTATION'!N20+'CAMED & TEDIS OUTSTATION'!N20 -> 30 | O18: =C18*N18 -> 161.4 | P18: ='OUTSTATION-AFRICA LAB '!P20+'UBIPHARM-OUTSTATION'!P20+'LABOREX OUTSTATION'!P20+'CAMED & TEDIS OUTSTATION'!P20 -> 36 | Q18: =P18*C18 -> 193.68 | R18: ='OUTSTATION-AFRICA LAB '!R20+'UBIPHARM-OUTSTATION'!R20+'LABOREX OUTSTATION'!R20+'CAMED & TEDIS OUTSTATION'!R20 -> 9 | S18: =R18*C18 -> 48.42 | T18: ='OUTSTATION-AFRICA LAB '!T20+'UBIPHARM-OUTSTATION'!T20+'LABOREX OUTSTATION'!T20+'CAMED & TEDIS OUTSTATION'!T20 -> 28 | U18: =T18*C18 -> 150.64 | V18: ='OUTSTATION-AFRICA LAB '!V20+'UBIPHARM-OUTSTATION'!V20+'LABOREX OUTSTATION'!V20+'CAMED & TEDIS OUTSTATION'!V20 -> 3 | W18: =V18*C18 -> 16.14 | X18: =D18+F18+H18+J18+L18+N18+P18+R18+T18+V18 -> 226 | Y18: =X18*C18 -> 1215.88
A19: 17 | B19: TUMI | C19: 2 | D19: ='OUTSTATION-AFRICA LAB '!D21+'UBIPHARM-OUTSTATION'!D21+'LABOREX OUTSTATION'!D21+'CAMED & TEDIS OUTSTATION'!D21 -> 0 | E19: =D19*C19 -> 0 | F19: ='OUTSTATION-AFRICA LAB '!F21+'UBIPHARM-OUTSTATION'!F21+'LABOREX OUTSTATION'!F21+'CAMED & TEDIS OUTSTATION'!F21 -> 0 | G19: =C19*F19 -> 0 | H19: ='OUTSTATION-AFRICA LAB '!H21+'UBIPHARM-OUTSTATION'!H21+'LABOREX OUTSTATION'!H21+'CAMED & TEDIS OUTSTATION'!H21 -> 42 | I19: =H19*C19 -> 84 | J19: ='OUTSTATION-AFRICA LAB '!J21+'UBIPHARM-OUTSTATION'!J21+'LABOREX OUTSTATION'!J21+'CAMED & TEDIS OUTSTATION'!J21 -> 0 | K19: =J19*C19 -> 0 | L19: ='OUTSTATION-AFRICA LAB '!L21+'UBIPHARM-OUTSTATION'!L21+'LABOREX OUTSTATION'!L21+'CAMED & TEDIS OUTSTATION'!L21 -> 0 | M19: =L19*C19 -> 0 | N19: ='OUTSTATION-AFRICA LAB '!N21+'UBIPHARM-OUTSTATION'!N21+'LABOREX OUTSTATION'!N21+'CAMED & TEDIS OUTSTATION'!N21 -> 0 | O19: =C19*N19 -> 0 | P19: ='OUTSTATION-AFRICA LAB '!P21+'UBIPHARM-OUTSTATION'!P21+'LABOREX OUTSTATION'!P21+'CAMED & TEDIS OUTSTATION'!P21 -> 0 | Q19: =P19*C19 -> 0 | R19: ='OUTSTATION-AFRICA LAB '!R21+'UBIPHARM-OUTSTATION'!R21+'LABOREX OUTSTATION'!R21+'CAMED & TEDIS OUTSTATION'!R21 -> 0 | S19: =R19*C19 -> 0 | T19: ='OUTSTATION-AFRICA LAB '!T21+'UBIPHARM-OUTSTATION'!T21+'LABOREX OUTSTATION'!T21+'CAMED & TEDIS OUTSTATION'!T21 -> 0 | U19: =T19*C19 -> 0 | V19: ='OUTSTATION-AFRICA LAB '!V21+'UBIPHARM-OUTSTATION'!V21+'LABOREX OUTSTATION'!V21+'CAMED & TEDIS OUTSTATION'!V21 -> 0 | W19: =V19*C19 -> 0 | X19: =D19+F19+H19+J19+L19+N19+P19+R19+T19+V19 -> 42 | Y19: =X19*C19 -> 84
B20: TOTAL | E20: =SUM(E5:E17) -> 2918.55 | G20: =SUM(G5:G17) -> 1175.91 | I20: =SUM(I5:I17) -> 1932.48 | K20: =SUM(K5:K17) -> 3116.22 | M20: =SUM(M5:M17) -> 2102.59 | O20: =SUM(O5:O17) -> 1148.75 | Q20: =SUM(Q5:Q17) -> 3375.25 | S20: =SUM(S5:S17) -> 4637.64 | U20: =SUM(U5:U17) -> 1179.96 | W20: =SUM(W5:W17) -> 8403.66 | Y20: =E20+G20+I20+K20+M20+O20+Q20+S20+U20+W20 -> 29991.01

Sheet TOTAL SALE MALI
A1: MONTH | B1: 45962
D2: OUTSTATION | F2: BAMAKO | H2: TOTAL
B3: PRODUCT NAME | C3: CIF | D3: Unit | E3: value | F3: Unit | G3: Value | H3: Unit | I3: Value | J3: UNIT WISE ACUAL SALES
A4: 1 | B4: AQUANATE | C4: 0.99 | D4: ='OUTSTATION-AFRICA LAB '!X5+'UBIPHARM-OUTSTATION'!X5+'LABOREX OUTSTATION'!X5+'CAMED & TEDIS OUTSTATION'!X5 -> 12371 | E4: ='OUTSTATION-AFRICA LAB '!Y5+'UBIPHARM-OUTSTATION'!Y5+'LABOREX OUTSTATION'!Y5+'CAMED & TEDIS OUTSTATION'!Y5 -> 12247.29 | F4: ='BAMAKO POOL-TOTAL'!R5 -> 13124 | G4: ='BAMAKO POOL-TOTAL'!S5 -> 12992.76 | H4: =SUM(D4,F4) -> 25495 | I4: =SUM(E4,G4) -> 25240.05 | J4: 25495 | K4: =J4-H4 -> 0
A5: 2 | B5: BACTOXIME SYRP | C5: 2.29 | D5: ='OUTSTATION-AFRICA LAB '!X6+'UBIPHARM-OUTSTATION'!X6+'LABOREX OUTSTATION'!X6+'CAMED & TEDIS OUTSTATION'!X6 -> 472 | E5: ='OUTSTATION-AFRICA LAB '!Y6+'UBIPHARM-OUTSTATION'!Y6+'LABOREX OUTSTATION'!Y6+'CAMED & TEDIS OUTSTATION'!Y6 -> 1080.88 | F5: ='BAMAKO POOL-TOTAL'!R6 -> 664 | G5: ='BAMAKO POOL-TOTAL'!S6 -> 1520.56 | H5: =SUM(D5,F5) -> 1136 | I5: =SUM(E5,G5) -> 2601.44 | J5: 1136 | K5: =J5-H5 -> 0
A6: 3 | B6: BACTOXIME 200 | C6: 3.66 | D6: ='OUTSTATION-AFRICA LAB '!X7+'UBIPHARM-OUTSTATION'!X7+'LABOREX OUTSTATION'!X7+'CAMED & TEDIS OUTSTATION'!X7 -> 1553 | E6: ='OUTSTATION-AFRICA LAB '!Y7+'UBIPHARM-OUTSTATION'!Y7+'LABOREX OUTSTATION'!Y7+'CAMED & TEDIS OUTSTATION'!Y7 -> 5683.98 | F6: ='BAMAKO POOL-TOTAL'!R7 -> 637 | G6: ='BAMAKO POOL-TOTAL'!S7 -> 2331.42 | H6: =SUM(D6,F6) -> 2190 | I6: =SUM(E6,G6) -> 8015.4 | J6: 2190 | K6: =J6-H6 -> 0
A7: 4 | B7: ESOPRA 20 | C7: 2.81 | D7: ='OUTSTATION-AFRICA LAB '!X8+'UBIPHARM-OUTSTATION'!X8+'LABOREX OUTSTATION'!X8+'CAMED & TEDIS OUTSTATION'!X8 -> 154 | E7: ='OUTSTATION-AFRICA LAB '!Y8+'UBIPHARM-OUTSTATION'!Y8+'LABOREX OUTSTATION'!Y8+'CAMED & TEDIS OUTSTATION'!Y8 -> 432.74 | F7: ='BAMAKO POOL-TOTAL'!R8 -> 201 | G7: ='BAMAKO POOL-TOTAL'!S8 -> 564.81 | H7: =SUM(D7,F7) -> 355 | I7: =SUM(E7,G7) -> 997.55 | J7: 355 | K7: =J7-H7 -> 0
A8: 5 | B8: ESOPRA 40 | C8: 3.46 | D8: ='OUTSTATION-AFRICA LAB '!X9+'UBIPHARM-OUTSTATION'!X9+'LABOREX OUTSTATION'!X9+'CAMED & TEDIS OUTSTATION'!X9 -> 613 | E8: ='OUTSTATION-AFRICA LAB '!Y9+'UBIPHARM-OUTSTATION'!Y9+'LABOREX OUTSTATION'!Y9+'CAMED & TEDIS OUTSTATION'!Y9 -> 2120.98 | F8: ='BAMAKO POOL-TOTAL'!R9 -> 423 | G8: ='BAMAKO POOL-TOTAL'!S9 -> 1463.58 | H8: =SUM(D8,F8) -> 1036 | I8: =SUM(E8,G8) -> 3584.56 | J8: 1036 | K8: =J8-H8 -> 0
A9: 6 | B9: METAREN | C9: 1.06 | D9: ='OUTSTATION-AFRICA LAB '!X10+'UBIPHARM-OUTSTATION'!X10+'LABOREX OUTSTATION'!X10+'CAMED & TEDIS OUTSTATION'!X10 -> 152 | E9: ='OUTSTATION-AFRICA LAB '!Y10+'UBIPHARM-OUTSTATION'!Y10+'LABOREX OUTSTATION'!Y10+'CAMED & TEDIS OUTSTATION'!Y10 -> 161.12 | F9: ='BAMAKO POOL-TOTAL'!R10 -> 0 | G9: ='BAMAKO POOL-TOTAL'!S10 -> 0 | H9: =SUM(D9,F9) -> 152 | I9: =SUM(E9,G9) -> 161.12 | J9: 0 | K9: =J9-H9 -> -152
A10: 7 | B10: DIP3 | C10: 3.63 | D10: ='OUTSTATION-AFRICA LAB '!X11+'UBIPHARM-OUTSTATION'!X11+'LABOREX OUTSTATION'!X11+'CAMED & TEDIS OUTSTATION'!X11 -> 5 | E10: ='OUTSTATION-AFRICA LAB '!Y11+'UBIPHARM-OUTSTATION'!Y11+'LABOREX OUTSTATION'!Y11+'CAMED & TEDIS OUTSTATION'!Y11 -> 18.15 | F10: ='BAMAKO POOL-TOTAL'!R11 -> 0 | G10: ='BAMAKO POOL-TOTAL'!S11 -> 0 | H10: =SUM(D10,F10) -> 5 | I10: =SUM(E10,G10) -> 18.15 | J10: 0 | K10: =J10-H10 -> -5
A11: 8 | B11: PALUCURE 20/120 | C11: 0.85 | D11: ='OUTSTATION-AFRICA LAB '!X12+'UBIPHARM-OUTSTATION'!X12+'LABOREX OUTSTATION'!X12+'CAMED & TEDIS OUTSTATION'!X12 -> 87 | E11: ='OUTSTATION-AFRICA LAB '!Y12+'UBIPHARM-OUTSTATION'!Y12+'LABOREX OUTSTATION'!Y12+'CAMED & TEDIS OUTSTATION'!Y12 -> 73.95 | F11: ='BAMAKO POOL-TOTAL'!R12 -> 221 | G11: ='BAMAKO POOL-TOTAL'!S12 -> 187.85 | H11: =SUM(D11,F11) -> 308 | I11: =SUM(E11,G11) -> 261.8 | J11: 308 | K11: =J11-H11 -> 0
A12: 9 | B12: PALUCURE 80/480 | C12: 1.98 | D12: ='OUTSTATION-AFRICA LAB '!X13+'UBIPHARM-OUTSTATION'!X13+'LABOREX OUTSTATION'!X13+'CAMED & TEDIS OUTSTATION'!X13 -> 2730 | E12: ='OUTSTATION-AFRICA LAB '!Y13+'UBIPHARM-OUTSTATION'!Y13+'LABOREX OUTSTATION'!Y13+'CAMED & TEDIS OUTSTATION'!Y13 -> 5405.4 | F12: ='BAMAKO POOL-TOTAL'!R13 -> 1451 | G12: ='BAMAKO POOL-TOTAL'!S13 -> 2872.98 | H12: =SUM(D12,F12) -> 4181 | I12: =SUM(E12,G12) -> 8278.38 | J12: 4181 | K12: =J12-H12 -> 0
A13: 10 | B13: PALUCURE 40/240 | C13: 1.98 | D13: ='OUTSTATION-AFRICA LAB '!X14+'UBIPHARM-OUTSTATION'!X14+'LABOREX OUTSTATION'!X14+'CAMED & TEDIS OUTSTATION'!X14 -> 464 | E13: ='OUTSTATION-AFRICA LAB '!Y14+'UBIPHARM-OUTSTATION'!Y14+'LABOREX OUTSTATION'!Y14+'CAMED & TEDIS OUTSTATION'!Y14 -> 918.72 | F13: ='BAMAKO POOL-TOTAL'!R14 -> 355 | G13: ='BAMAKO POOL-TOTAL'!S14 -> 702.9 | H13: =SUM(D13,F13) -> 819 | I13: =SUM(E13,G13) -> 1621.62 | J13: 819 | K13: =J13-H13 -> 0
A14: 11 | B14: TRACLAV1125 | C14: 4.69 | D14: ='OUTSTATION-AFRICA LAB '!X15+'UBIPHARM-OUTSTATION'!X15+'LABOREX OUTSTATION'!X15+'CAMED & TEDIS OUTSTATION'!X15 -> 140 | E14: ='OUTSTATION-AFRICA LAB '!Y15+'UBIPHARM-OUTSTATION'!Y15+'LABOREX OUTSTATION'!Y15+'CAMED & TEDIS OUTSTATION'!Y15 -> 656.6 | F14: ='BAMAKO POOL-TOTAL'!R15 -> 0 | G14: ='BAMAKO POOL-TOTAL'!S15 -> 0 | H14: =SUM(D14,F14) -> 140 | I14: =SUM(E14,G14) -> 656.6 | J14: 0 | K14: =J14-H14 -> -140
A15: 12 | B15: TRACLAV 625 | C15: 2.9 | D15: ='OUTSTATION-AFRICA LAB '!X16+'UBIPHARM-OUTSTATION'!X16+'LABOREX OUTSTATION'!X16+'CAMED & TEDIS OUTSTATION'!X16 -> 28 | E15: ='OUTSTATION-AFRICA LAB '!Y16+'UBIPHARM-OUTSTATION'!Y16+'LABOREX OUTSTATION'!Y16+'CAMED & TEDIS OUTSTATION'!Y16 -> 81.2 | F15: ='BAMAKO POOL-TOTAL'!R16 -> 0 | G15: ='BAMAKO POOL-TOTAL'!S16 -> 0 | H15: =SUM(D15,F15) -> 28 | I15: =SUM(E15,G15) -> 81.2 | J15: 0 | K15: =J15-H15 -> -28
... A20: 17 | B20: TUMI | C20: 2 | D20: ='OUTSTATION-AFRICA LAB '!X21+'UBIPHARM-OUTSTATION'!X21+'LABOREX OUTSTATION'!X21+'CAMED & TEDIS OUTSTATION'!X21 -> 42 | E20: ='OUTSTATION-AFRICA LAB '!Y21+'UBIPHARM-OUTSTATION'!Y21+'LABOREX OUTSTATION'!Y21+'CAMED & TEDIS OUTSTATION'!Y21 -> 84 | F20: ='BAMAKO POOL-TOTAL'!R21 -> 0 | G20: ='BAMAKO POOL-TOTAL'!S21 -> 0 | H20: =SUM(D20,F20) -> 42 | I20: =SUM(E20,G20) -> 84 | J20: 0 | K20: =J20-H20 -> -42
B21: TOTAL | E21: =SUM(E4:E20) -> 31982.49 | G21: =SUM(G4:G20) -> 24133.38 | I21: =SUM(I4:I20) -> 56115.87 | K21: =J21-H21 -> 0

Sheet BAMAKO POOL
A1: MONTH | B1: 45627
D2: COMMUNE 1 &2 | F2: COMMUNE 3&4 | H2: COMMUNE 5 | J2: COMMUNE 6 | L2: KATI | N2: TOTAL | P2: C1&2,C3&4,C5,C6 | R2: value/person
B3: PRODUCT NAME | C3: CIF | D3: Unit | E3: value | F3: Unit | G3: Value | H3: Unit | I3: Value | J3: Unit | K3: Value | L3: Unit | M3: Value | N3: Unit | O3: Value | P3: Unit | Q3: Value
A4: 1 | B4: AQUANATE | C4: 0.99 | D4: ='BAMAKO POOL-LABOREX'!D5+'BAMAKO POOL-LABOREX'!F5 -> 203 | E4: ='BAMAKO POOL-LABOREX'!E5+'BAMAKO POOL-LABOREX'!G5 -> 202.11 | F4: ='BAMAKO POOL-LABOREX'!H5+'BAMAKO POOL-LABOREX'!J5 -> 1008 | G4: ='BAMAKO POOL-LABOREX'!I5+'BAMAKO POOL-LABOREX'!K5 -> 997.92 | H4: ='BAMAKO POOL-LABOREX'!L5 -> 1296 | I4: ='BAMAKO POOL-LABOREX'!M5 -> 1283.04 | J4: ='BAMAKO POOL-LABOREX'!N5 -> 3262 | K4: ='BAMAKO POOL-LABOREX'!O5 -> 3229.38 | L4: ='BAMAKO POOL-LABOREX'!R5 -> 1521 | M4: ='BAMAKO POOL-LABOREX'!S5 -> 1505.79 | N4: =D4+F4+H4+J4+L4 -> 7290 | O4: =N4*C4 -> 7217.1 | P4: =D4+F4+H4+J4 -> 5769 | Q4: =P4*C4 -> 5711.31 | R4: =P4/4 -> 1442.25
A5: 2 | B5: BACTOXIME SYRP | C5: 2.29 | D5: ='BAMAKO POOL-LABOREX'!D6+'BAMAKO POOL-LABOREX'!F6 -> 156 | E5: ='BAMAKO POOL-LABOREX'!E6+'BAMAKO POOL-LABOREX'!G6 -> 336.94 | F5: ='BAMAKO POOL-LABOREX'!H6+'BAMAKO POOL-LABOREX'!J6 -> 118 | G5: ='BAMAKO POOL-LABOREX'!I6+'BAMAKO POOL-LABOREX'!K6 -> 270.22 | H5: ='BAMAKO POOL-LABOREX'!L6 -> 83 | I5: ='BAMAKO POOL-LABOREX'!M6 -> 190.07 | J5: ='BAMAKO POOL-LABOREX'!N6 -> 167 | K5: ='BAMAKO POOL-LABOREX'!O6 -> 382.43 | L5: ='BAMAKO POOL-LABOREX'!R6 -> 32 | M5: ='BAMAKO POOL-LABOREX'!S6 -> 73.28 | N5: =D5+F5+H5+J5+L5 -> 556 | O5: =N5*C5 -> 1273.24 | P5: =D5+F5+H5+J5 -> 524 | Q5: =P5*C5 -> 1199.96 | R5: =P5/4 -> 131
A6: 3 | B6: BACTOXIME 200 | C6: 3.66 | D6: ='BAMAKO POOL-LABOREX'!D7+'BAMAKO POOL-LABOREX'!F7 -> 27 | E6: ='BAMAKO POOL-LABOREX'!E7+'BAMAKO POOL-LABOREX'!G7 -> 98.82 | F6: ='BAMAKO POOL-LABOREX'!H7+'BAMAKO POOL-LABOREX'!J7 -> 8 | G6: ='BAMAKO POOL-LABOREX'!I7+'BAMAKO POOL-LABOREX'!K7 -> 29.28 | H6: ='BAMAKO POOL-LABOREX'!L7 -> 28 | I6: ='BAMAKO POOL-LABOREX'!M7 -> 102.48 | J6: ='BAMAKO POOL-LABOREX'!N7 -> 35 | K6: ='BAMAKO POOL-LABOREX'!O7 -> 128.1 | L6: ='BAMAKO POOL-LABOREX'!R7 -> 4 | M6: ='BAMAKO POOL-LABOREX'!S7 -> 14.64 | N6: =D6+F6+H6+J6+L6 -> 102 | O6: =N6*C6 -> 373.32 | P6: =D6+F6+H6+J6 -> 98 | Q6: =P6*C6 -> 358.68 | R6: =P6/4 -> 24.5
A7: 4 | B7: ESOPRA 20 | C7: 2.81 | D7: ='BAMAKO POOL-LABOREX'!D8+'BAMAKO POOL-LABOREX'!F8 -> 39 | E7: ='BAMAKO POOL-LABOREX'!E8+'BAMAKO POOL-LABOREX'!G8 -> 109.59 | F7: ='BAMAKO POOL-LABOREX'!H8+'BAMAKO POOL-LABOREX'!J8 -> 44 | G7: ='BAMAKO POOL-LABOREX'!I8+'BAMAKO POOL-LABOREX'!K8 -> 123.64 | H7: ='BAMAKO POOL-LABOREX'!L8 -> 4 | I7: ='BAMAKO POOL-LABOREX'!M8 -> 11.24 | J7: ='BAMAKO POOL-LABOREX'!N8 -> 9 | K7: ='BAMAKO POOL-LABOREX'!O8 -> 25.29 | L7: ='BAMAKO POOL-LABOREX'!R8 -> 12 | M7: ='BAMAKO POOL-LABOREX'!S8 -> 33.72 | N7: =D7+F7+H7+J7+L7 -> 108 | O7: =N7*C7 -> 303.48 | P7: =D7+F7+H7+J7 -> 96 | Q7: =P7*C7 -> 269.76 | R7: =P7/4 -> 24
A8: 5 | B8: ESOPRA 40 | C8: 3.46 | D8: ='BAMAKO POOL-LABOREX'!D9+'BAMAKO POOL-LABOREX'!F9 -> 62 | E8: ='BAMAKO POOL-LABOREX'!E9+'BAMAKO POOL-LABOREX'!G9 -> 214.52 | F8: ='BAMAKO POOL-LABOREX'!H9+'BAMAKO POOL-LABOREX'!J9 -> 68 | G8: ='BAMAKO POOL-LABOREX'!I9+'BAMAKO POOL-LABOREX'!K9 -> 235.28 | H8: ='BAMAKO POOL-LABOREX'!L9 -> 47 | I8: ='BAMAKO POOL-LABOREX'!M9 -> 162.62 | J8: ='BAMAKO POOL-LABOREX'!N9 -> 65 | K8: ='BAMAKO POOL-LABOREX'!O9 -> 224.9 | L8: ='BAMAKO POOL-LABOREX'!R9 -> 45 | M8: ='BAMAKO POOL-LABOREX'!S9 -> 155.7 | N8: =D8+F8+H8+J8+L8 -> 287 | O8: =N8*C8 -> 993.02 | P8: =D8+F8+H8+J8 -> 242 | Q8: =P8*C8 -> 837.32 | R8: =P8/4 -> 60.5
A9: 6 | B9: METAREN | C9: 1.06 | D9: ='BAMAKO POOL-LABOREX'!D10+'BAMAKO POOL-LABOREX'!F10 -> 0 | E9: ='BAMAKO POOL-LABOREX'!E10+'BAMAKO POOL-LABOREX'!G10 -> 0 | F9: ='BAMAKO POOL-LABOREX'!H10+'BAMAKO POOL-LABOREX'!J10 -> 0 | G9: ='BAMAKO POOL-LABOREX'!I10+'BAMAKO POOL-LABOREX'!K10 -> 0 | H9: ='BAMAKO POOL-LABOREX'!L10 -> 0 | I9: ='BAMAKO POOL-LABOREX'!M10 -> 0 | J9: ='BAMAKO POOL-LABOREX'!N10 -> 0 | K9: ='BAMAKO POOL-LABOREX'!O10 -> 0 | L9: ='BAMAKO POOL-LABOREX'!R10 -> 0 | M9: ='BAMAKO POOL-LABOREX'!S10 -> 0 | N9: =D9+F9+H9+J9+L9 -> 0 | O9: =N9*C9 -> 0 | P9: =D9+F9+H9+J9 -> 0 | Q9: =P9*C9 -> 0 | R9: =P9/4 -> 0
A10: 7 | B10: DIP3 | C10: 3.63 | D10: ='BAMAKO POOL-LABOREX'!D11+'BAMAKO POOL-LABOREX'!F11 -> 0 | E10: ='BAMAKO POOL-LABOREX'!E11+'BAMAKO POOL-LABOREX'!G11 -> 0 | F10: ='BAMAKO POOL-LABOREX'!H11+'BAMAKO POOL-LABOREX'!J11 -> 0 | G10: ='BAMAKO POOL-LABOREX'!I11+'BAMAKO POOL-LABOREX'!K11 -> 0 | H10: ='BAMAKO POOL-LABOREX'!L11 -> 0 | I10: ='BAMAKO POOL-LABOREX'!M11 -> 0 | J10: ='BAMAKO POOL-LABOREX'!N11 -> 0 | K10: ='BAMAKO POOL-LABOREX'!O11 -> 0 | L10: ='BAMAKO POOL-LABOREX'!R11 -> 0 | M10: ='BAMAKO POOL-LABOREX'!S11 -> 0 | N10: =D10+F10+H10+J10+L10 -> 0 | O10: =N10*C10 -> 0 | P10: =D10+F10+H10+J10 -> 0 | Q10: =P10*C10 -> 0 | R10: =P10/4 -> 0
A11: 8 | B11: PALUCURE 20/120 | C11: 0.85 | D11: ='BAMAKO POOL-LABOREX'!D12+'BAMAKO POOL-LABOREX'!F12 -> 0 | E11: ='BAMAKO POOL-LABOREX'!E12+'BAMAKO POOL-LABOREX'!G12 -> 0 | F11: ='BAMAKO POOL-LABOREX'!H12+'BAMAKO POOL-LABOREX'!J12 -> 0 | G11: ='BAMAKO POOL-LABOREX'!I12+'BAMAKO POOL-LABOREX'!K12 -> 0 | H11: ='BAMAKO POOL-LABOREX'!L12 -> 0 | I11: ='BAMAKO POOL-LABOREX'!M12 -> 0 | J11: ='BAMAKO POOL-LABOREX'!N12 -> 0 | K11: ='BAMAKO POOL-LABOREX'!O12 -> 0 | L11: ='BAMAKO POOL-LABOREX'!R12 -> 0 | M11: ='BAMAKO POOL-LABOREX'!S12 -> 0 | N11: =D11+F11+H11+J11+L11 -> 0 | O11: =N11*C11 -> 0 | P11: =D11+F11+H11+J11 -> 0 | Q11: =P11*C11 -> 0 | R11: =P11/4 -> 0
A12: 9 | B12: PALUCURE 80/480 | C12: 1.98 | D12: ='BAMAKO POOL-LABOREX'!D13+'BAMAKO POOL-LABOREX'!F13 -> 134 | E12: ='BAMAKO POOL-LABOREX'!E13+'BAMAKO POOL-LABOREX'!G13 -> 265.32 | F12: ='BAMAKO POOL-LABOREX'!H13+'BAMAKO POOL-LABOREX'!J13 -> 147 | G12: ='BAMAKO POOL-LABOREX'!I13+'BAMAKO POOL-LABOREX'!K13 -> 291.06 | H12: ='BAMAKO POOL-LABOREX'!L13 -> 140 | I12: ='BAMAKO POOL-LABOREX'!M13 -> 277.2 | J12: ='BAMAKO POOL-LABOREX'!N13 -> 297 | K12: ='BAMAKO POOL-LABOREX'!O13 -> 588.06 | L12: ='BAMAKO POOL-LABOREX'!R13 -> 117 | M12: ='BAMAKO POOL-LABOREX'!S13 -> 231.66 | N12: =D12+F12+H12+J12+L12 -> 835 | O12: =N12*C12 -> 1653.3 | P12: =D12+F12+H12+J12 -> 718 | Q12: =P12*C12 -> 1421.64 | R12: =P12/4 -> 179.5
A13: 10 | B13: PALUCURE 40/240 | C13: 1.98 | D13: ='BAMAKO POOL-LABOREX'!D14+'BAMAKO POOL-LABOREX'!F14 -> 18 | E13: ='BAMAKO POOL-LABOREX'!E14+'BAMAKO POOL-LABOREX'!G14 -> 35.64 | F13: ='BAMAKO POOL-LABOREX'!H14+'BAMAKO POOL-LABOREX'!J14 -> 22 | G13: ='BAMAKO POOL-LABOREX'!I14+'BAMAKO POOL-LABOREX'!K14 -> 43.56 | H13: ='BAMAKO POOL-LABOREX'!L14 -> 35 | I13: ='BAMAKO POOL-LABOREX'!M14 -> 69.3 | J13: ='BAMAKO POOL-LABOREX'!N14 -> 66 | K13: ='BAMAKO POOL-LABOREX'!O14 -> 130.68 | L13: ='BAMAKO POOL-LABOREX'!R14 -> 21 | M13: ='BAMAKO POOL-LABOREX'!S14 -> 41.58 | N13: =D13+F13+H13+J13+L13 -> 162 | O13: =N13*C13 -> 320.76 | P13: =D13+F13+H13+J13 -> 141 | Q13: =P13*C13 -> 279.18 | R13: =P13/4 -> 35.25
A14: 11 | B14: TRACLAV1125 | C14: 4.69 | D14: ='BAMAKO POOL-LABOREX'!D15+'BAMAKO POOL-LABOREX'!F15 -> 0 | E14: ='BAMAKO POOL-LABOREX'!E15+'BAMAKO POOL-LABOREX'!G15 -> 0 | F14: ='BAMAKO POOL-LABOREX'!H15+'BAMAKO POOL-LABOREX'!J15 -> 0 | G14: ='BAMAKO POOL-LABOREX'!I15+'BAMAKO POOL-LABOREX'!K15 -> 0 | H14: ='BAMAKO POOL-LABOREX'!L15 -> 0 | I14: ='BAMAKO POOL-LABOREX'!M15 -> 0 | J14: ='BAMAKO POOL-LABOREX'!N15 -> 0 | K14: ='BAMAKO POOL-LABOREX'!O15 -> 0 | L14: ='BAMAKO POOL-LABOREX'!R15 -> 0 | M14: ='BAMAKO POOL-LABOREX'!S15 -> 0 | N14: =D14+F14+H14+J14+L14 -> 0 | O14: =N14*C14 -> 0 | P14: =D14+F14+H14+J14 -> 0 | Q14: =P14*C14 -> 0 | R14: =P14/4 -> 0
A15: 12 | B15: TRACLAV 625 | C15: 2.9 | D15: ='BAMAKO POOL-LABOREX'!D16+'BAMAKO POOL-LABOREX'!F16 -> 0 | E15: ='BAMAKO POOL-LABOREX'!E16+'BAMAKO POOL-LABOREX'!G16 -> 0 | F15: ='BAMAKO POOL-LABOREX'!H16+'BAMAKO POOL-LABOREX'!J16 -> 0 | G15: ='BAMAKO POOL-LABOREX'!I16+'BAMAKO POOL-LABOREX'!K16 -> 0 | H15: ='BAMAKO POOL-LABOREX'!L16 -> 0 | I15: ='BAMAKO POOL-LABOREX'!M16 -> 0 | J15: ='BAMAKO POOL-LABOREX'!N16 -> 0 | K15: ='BAMAKO POOL-LABOREX'!O16 -> 0 | L15: ='BAMAKO POOL-LABOREX'!R16 -> 0 | M15: ='BAMAKO POOL-LABOREX'!S16 -> 0 | N15: =D15+F15+H15+J15+L15 -> 0 | O15: =N15*C15 -> 0 | P15: =D15+F15+H15+J15 -> 0 | Q15: =P15*C15 -> 0 | R15: =P15/4 -> 0
... A20: 17 | B20: TUMI | C20: 2 | D20: ='BAMAKO POOL-LABOREX'!D21+'BAMAKO POOL-LABOREX'!F21 -> 0 | E20: ='BAMAKO POOL-LABOREX'!E21+'BAMAKO POOL-LABOREX'!G21 -> 0 | F20: ='BAMAKO POOL-LABOREX'!H21+'BAMAKO POOL-LABOREX'!J21 -> 0 | G20: ='BAMAKO POOL-LABOREX'!I21+'BAMAKO POOL-LABOREX'!K21 -> 0 | H20: ='BAMAKO POOL-LABOREX'!L21 -> 0 | I20: ='BAMAKO POOL-LABOREX'!M21 -> 0 | J20: ='BAMAKO POOL-LABOREX'!N21 -> 0 | K20: ='BAMAKO POOL-LABOREX'!O21 -> 0 | L20: ='BAMAKO POOL-LABOREX'!R21 -> 0 | M20: ='BAMAKO POOL-LABOREX'!S21 -> 0 | N20: =D20+F20+H20+J20+L20 -> 0 | O20: =N20*C20 -> 0 | P20: =D20+F20+H20+J20 -> 0 | Q20: =P20*C20 -> 0 | R20: =P20/4 -> 0
B21: TOTAL | E21: =SUM(E4:E18) -> 1262.94 | G21: =SUM(G4:G18) -> 1990.96 | I21: =SUM(I4:I18) -> 2095.95 | K21: =SUM(K4:K18) -> 4708.84 | M21: =SUM(M4:M18) -> 2056.37 | O21: =SUM(E21+G21+I21+K21+M21) -> 12115.06 | Q21: =SUM(Q4:Q18) -> 10077.85 | R21: =SUM(R4:R18) -> 1897

Sheet CAMED & TEDIS OUTSTATION
A2: MONTH | B2: 45962
D3: KAYE | F3: KITA | H3: KOULIKORO | J3: SAN | L3: KIGNEBA | N3: BOUGOUNI | P3: SIKASSO | R3: SEGOU | T3: KUTIALLA | V3: MOPTI | X3: TOTAL
B4: PRODUCT NAME | C4: CIF | D4: Unit | E4: value | F4: Unit | G4: value | H4: Unit | I4: value | J4: Unit | K4: value | L4: Unit | M4: value | N4: Unit | O4: value | P4: Unit | Q4: Value | R4: Unit | S4: Value | T4: Unit | U4: Value | V4: Unit | W4: Value | X4: Unit | Y4: Value
A5: 1 | B5: AQUANATE | C5: 0.99 | D5: 0 | E5: =D5*C5 -> 0 | F5: 140 | G5: =C5*F5 -> 138.6 | H5: 0 | I5: =H5*C5 -> 0 | J5: 0 | K5: =J5*C5 -> 0 | L5: 1200 | M5: =L5*C5 -> 1188 | N5: 0 | O5: =C5*N5 -> 0 | P5: 480 | Q5: =P5*C5 -> 475.2 | R5: 0 | S5: =R5*C5 -> 0 | T5: 0 | U5: =T5*C5 -> 0 | V5: 0 | W5: =V5*C5 -> 0 | X5: =D5+F5+H5+J5+L5+N5+P5+R5+T5+V5 -> 1820 | Y5: =X5*C5 -> 1801.8
A6: 2 | B6: BACTOXIME SYRP | C6: 2.29 | D6: 0 | E6: =D6*C6 -> 0 | F6: 14 | G6: =C6*F6 -> 32.06 | H6: 0 | I6: =H6*C6 -> 0 | J6: 0 | K6: =J6*C6 -> 0 | L6: 0 | M6: =L6*C6 -> 0 | N6: 0 | O6: =C6*N6 -> 0 | P6: 0 | Q6: =P6*C6 -> 0 | R6: 0 | S6: =R6*C6 -> 0 | T6: 0 | U6: =T6*C6 -> 0 | V6: 0 | W6: =V6*C6 -> 0 | X6: =D6+F6+H6+J6+L6+N6+P6+R6+T6+V6 -> 14 | Y6: =X6*C6 -> 32.06
A7: 3 | B7: BACTOXIME 200 | C7: 3.66 | D7: 65 | E7: =D7*C7 -> 237.9 | F7: 0 | G7: =C7*F7 -> 0 | H7: 24 | I7: =H7*C7 -> 87.84 | J7: 0 | K7: =J7*C7 -> 0 | L7: 0 | M7: =L7*C7 -> 0 | N7: 20 | O7: =C7*N7 -> 73.2 | P7: 56 | Q7: =P7*C7 -> 204.96 | R7: 84 | S7: =R7*C7 -> 307.44 | T7: 0 | U7: =T7*C7 -> 0 | V7: 12 | W7: =V7*C7 -> 43.92 | X7: =D7+F7+H7+J7+L7+N7+P7+R7+T7+V7 -> 261 | Y7: =X7*C7 -> 955.26
A8: 4 | B8: ESOPRA 20 | C8: 2.81 | D8: 0 | E8: =D8*C8 -> 0 | F8: 0 | G8: =C8*F8 -> 0 | H8: 0 | I8: =H8*C8 -> 0 | J8: 0 | K8: =J8*C8 -> 0 | L8: 0 | M8: =L8*C8 -> 0 | N8: 0 | O8: =C8*N8 -> 0 | P8: 0 | Q8: =P8*C8 -> 0 | R8: 0 | S8: =R8*C8 -> 0 | T8: 0 | U8: =T8*C8 -> 0 | V8: 0 | W8: =V8*C8 -> 0 | X8: =D8+F8+H8+J8+L8+N8+P8+R8+T8+V8 -> 0 | Y8: =X8*C8 -> 0
A9: 5 | B9: ESOPRA 40 | C9: 3.46 | D9: 20 | E9: =D9*C9 -> 69.2 | F9: 0 | G9: =C9*F9 -> 0 | H9: 12 | I9: =H9*C9 -> 41.52 | J9: 0 | K9: =J9*C9 -> 0 | L9: 0 | M9: =L9*C9 -> 0 | N9: 11 | O9: =C9*N9 -> 38.06 | P9: 2 | Q9: =P9*C9 -> 6.92 | R9: 3 | S9: =R9*C9 -> 10.38 | T9: 0 | U9: =T9*C9 -> 0 | V9: 59 | W9: =V9*C9 -> 204.14 | X9: =D9+F9+H9+J9+L9+N9+P9+R9+T9+V9 -> 107 | Y9: =X9*C9 -> 370.22
A10: 6 | B10: METAREN | C10: 1.06 | D10: 0 | E10: =D10*C10 -> 0 | F10: 0 | G10: =C10*F10 -> 0 | H10: 0 | I10: =H10*C10 -> 0 | J10: 0 | K10: =J10*C10 -> 0 | L10: 0 | M10: =L10*C10 -> 0 | N10: 0 | O10: =C10*N10 -> 0 | P10: 0 | Q10: =P10*C10 -> 0 | R10: 0 | S10: =R10*C10 -> 0 | T10: 0 | U10: =T10*C10 -> 0 | V10: 0 | W10: =V10*C10 -> 0 | X10: =D10+F10+H10+J10+L10+N10+P10+R10+T10+V10 -> 0 | Y10: =X10*C10 -> 0
A11: 7 | B11: DIP3 | C11: 3.63 | D11: 0 | E11: =D11*C11 -> 0 | F11: 0 | G11: =C11*F11 -> 0 | H11: 0 | I11: =H11*C11 -> 0 | J11: 0 | K11: =J11*C11 -> 0 | L11: 0 | M11: =L11*C11 -> 0 | N11: 0 | O11: =C11*N11 -> 0 | P11: 0 | Q11: =P11*C11 -> 0 | R11: 0 | S11: =R11*C11 -> 0 | T11: 0 | U11: =T11*C11 -> 0 | V11: 0 | W11: =V11*C11 -> 0 | X11: =D11+F11+H11+J11+L11+N11+P11+R11+T11+V11 -> 0 | Y11: =X11*C11 -> 0
A12: 8 | B12: PALUCURE 20/120 | C12: 0.85 | D12: 0 | E12: =D12*C12 -> 0 | F12: 0 | G12: =C12*F12 -> 0 | H12: 0 | I12: =H12*C12 -> 0 | J12: 0 | K12: =J12*C12 -> 0 | L12: 0 | M12: =L12*C12 -> 0 | N12: 0 | O12: =C12*N12 -> 0 | P12: 0 | Q12: =P12*C12 -> 0 | R12: 0 | S12: =R12*C12 -> 0 | T12: 0 | U12: =T12*C12 -> 0 | V12: 0 | W12: =V12*C12 -> 0 | X12: =D12+F12+H12+J12+L12+N12+P12+R12+T12+V12 -> 0 | Y12: =X12*C12 -> 0
A13: 9 | B13: PALUCURE 80/480 | C13: 1.98 | D13: 0 | E13: =D13*C13 -> 0 | F13: 0 | G13: =C13*F13 -> 0 | H13: 20 | I13: =H13*C13 -> 39.6 | J13: 50 | K13: =J13*C13 -> 99 | L13: 0 | M13: =L13*C13 -> 0 | N13: 0 | O13: =C13*N13 -> 0 | P13: 120 | Q13: =P13*C13 -> 237.6 | R13: 0 | S13: =R13*C13 -> 0 | T13: 0 | U13: =T13*C13 -> 0 | V13: 0 | W13: =V13*C13 -> 0 | X13: =D13+F13+H13+J13+L13+N13+P13+R13+T13+V13 -> 190 | Y13: =X13*C13 -> 376.2
A14: 10 | B14: PALUCURE 40/240 | C14: 1.98 | D14: 0 | E14: =D14*C14 -> 0 | F14: 0 | G14: =C14*F14 -> 0 | H14: 10 | I14: =H14*C14 -> 19.8 | J14: 50 | K14: =J14*C14 -> 99 | L14: 3 | M14: =L14*C14 -> 5.94 | N14: 0 | O14: =C14*N14 -> 0 | P14: 0 | Q14: =P14*C14 -> 0 | R14: 0 | S14: =R14*C14 -> 0 | T14: 0 | U14: =T14*C14 -> 0 | V14: 0 | W14: =V14*C14 -> 0 | X14: =D14+F14+H14+J14+L14+N14+P14+R14+T14+V14 -> 63 | Y14: =X14*C14 -> 124.74
A15: 11 | B15: TRACLAV1125 | C15: 4.69 | D15: 0 | E15: =D15*C15 -> 0 | F15: 0 | G15: =C15*F15 -> 0 | H15: 0 | I15: =H15*C15 -> 0 | J15: 0 | K15: =J15*C15 -> 0 | L15: 0 | M15: =L15*C15 -> 0 | N15: 0 | O15: =C15*N15 -> 0 | P15: 0 | Q15: =P15*C15 -> 0 | R15: 0 | S15: =R15*C15 -> 0 | T15: 0 | U15: =T15*C15 -> 0 | V15: 0 | W15: =V15*C15 -> 0 | X15: =D15+F15+H15+J15+L15+N15+P15+R15+T15+V15 -> 0 | Y15: =X15*C15 -> 0
A16: 12 | B16: TRACLAV 625 | C16: 2.9 | D16: 0 | E16: =D16*C16 -> 0 | F16: 0 | G16: =C16*F16 -> 0 | H16: 0 | I16: =H16*C16 -> 0 | J16: 0 | K16: =J16*C16 -> 0 | L16: 0 | M16: =L16*C16 -> 0 | N16: 0 | O16: =C16*N16 -> 0 | P16: 0 | Q16: =P16*C16 -> 0 | R16: 0 | S16: =R16*C16 -> 0 | T16: 0 | U16: =T16*C16 -> 0 | V16: 0 | W16: =V16*C16 -> 0 | X16: =D16+F16+H16+J16+L16+N16+P16+R16+T16+V16 -> 0 | Y16: =X16*C16 -> 0
A17: 13 | B17: TRIAF- S | C17: 1.9 | D17: 0 | E17: =D17*C17 -> 0 | F17: 0 | G17: =F17*C17 -> 0 | H17: 0 | I17: =H17*C17 -> 0 | J17: 0 | K17: =J17*C17 -> 0 | L17: 0 | M17: =L17*C17 -> 0 | N17: 0 | O17: =N17*C17 -> 0 | P17: 0 | Q17: =P17*C17 -> 0 | R17: 0 | S17: =R17*C17 -> 0 | T17: 0 | U17: =T17*C17 -> 0 | V17: 0 | W17: =V17*C17 -> 0 | X17: =D17+F17+H17+J17+L17+N17+P17+R17+T17+V17 -> 0 | Y17: =X17*C17 -> 0
A18: 14 | B18: PALUCURE PLUS 80/480 | C18: 2.4 | D18: 0 | E18: =D18*C18 -> 0 | F18: 0 | G18: =F18*C18 -> 0 | H18: 0 | I18: =H18*C18 -> 0 | J18: 0 | K18: =J18*C18 -> 0 | L18: 0 | M18: =L18*C18 -> 0 | N18: 0 | O18: =N18*C18 -> 0 | P18: 0 | Q18: =P18*C18 -> 0 | R18: 0 | S18: =R18*C18 -> 0 | T18: 0 | U18: =T18*C18 -> 0 | V18: 0 | W18: =V18*C18 -> 0 | X18: =D18+F18+H18+J18+L18+N18+P18+R18+T18+V18 -> 0 | Y18: =X18*C18 -> 0
A19: 15 | B19: TRACLAV 1.2 | C19: 1.5 | D19: 0 | E19: =D19*C19 -> 0 | F19: 0 | G19: =C19*F19 -> 0 | H19: 0 | I19: =H19*C19 -> 0 | J19: 0 | K19: =J19*C19 -> 0 | L19: 0 | M19: =L19*C19 -> 0 | N19: 0 | O19: =C19*N19 -> 0 | P19: 0 | Q19: =P19*C19 -> 0 | R19: 0 | S19: =R19*C19 -> 0 | T19: 0 | U19: =T19*C19 -> 0 | V19: 0 | W19: =V19*C19 -> 0 | X19: =D19+F19+H19+J19+L19+N19+P19+R19+T19+V19 -> 0 | Y19: =X19*C19 -> 0
A20: 16 | B20: TRACLAV1125 SACHT | C20: 5.38 | D20: 0 | E20: =D20*C20 -> 0 | F20: 0 | G20: =F20*C20 -> 0 | H20: 0 | I20: =H20*C20 -> 0 | J20: 0 | K20: =J20*C20 -> 0 | L20: 0 | M20: =L20*C20 -> 0 | N20: 0 | O20: =N20*C20 -> 0 | P20: 0 | Q20: =P20*C20 -> 0 | R20: 0 | S20: =R20*C20 -> 0 | T20: 0 | U20: =T20*C20 -> 0 | V20: 0 | W20: =V20*C20 -> 0 | X20: =D20+F20+H20+J20+L20+N20+P20+R20+T20+V20 -> 0 | Y20: =X20*C20 -> 0
A21: 17 | B21: TUMI | C21: 2 | D21: 0 | E21: =D21*C21 -> 0 | F21: 0 | G21: =F21*A21 -> 0 | H21: 0 | I21: =H21*C21 -> 0 | J21: 0 | K21: =J21*C21 -> 0 | L21: 0 | M21: =L21*C21 -> 0 | N21: 0 | O21: =N21*C21 -> 0 | P21: 0 | Q21: =P21*C21 -> 0 | R21: 0 | S21: =R21*C21 -> 0 | T21: =D21+F21+H21+J21+L21+N21+P21+R21 -> 0 | U21: =T21*C21 -> 0 | V21: 0 | W21: =V21*C21 -> 0 | X21: =D21+F21+H21+J21+L21+N21+P21+R21+T21+V21 -> 0 | Y21: =X21*C21 -> 0
B22: TOTAL | E22: =SUM(E5:E21) -> 307.1 | G22: =SUM(G5:G21) -> 170.66 | I22: =SUM(I5:I19) -> 188.76 | K22: =SUM(K5:K21) -> 198 | M22: =SUM(M5:M21) -> 1193.94 | O22: =SUM(O5:O21) -> 111.26 | Q22: =SUM(Q5:Q21) -> 924.68 | S22: =SUM(S5:S21) -> 317.82 | U22: =SUM(U5:U21) -> 0 | W22: =SUM(W5:W21) -> 248.06 | Y22: =E22+G22+I22+K22+M22+O22+Q22+S22+U22+W22 -> 3660.28

Sheet OUTSTATION 
A1: MONTH | B1: 45962
D2: KAYES | F2: KITA | H2: KOULIKORO | J2: SAN | L2: KIGNEBA | N2: BOUGOUNI | P2: SIKASSO | R2: SEGOU | T2: KOUTIALLA | V2: MOPTI | X2: TOTAL
B3: PRODUCT NAME | C3: CIF | D3: Unit | E3: value | F3: Unit | G3: value | H3: Unit | I3: value | J3: Unit | K3: value | L3: Unit | M3: value | N3: Unit | O3: value | P3: Unit | Q3: Value | R3: Unit | S3: Value | T3: Unit | U3: Value | V3: Unit | W3: Value | X3: Unit | Y3: Value
A4: 1 | B4: AQUANATE | C4: 0.99 | D4: ='OUTSTATION-AFRICA LAB '!D5+'UBIPHARM-OUTSTATION'!D5+'LABOREX OUTSTATION'!D5+'CAMED & TEDIS OUTSTATION'!D5 -> 800 | E4: =D4*C4 -> 792 | F4: ='OUTSTATION-AFRICA LAB '!F5+'UBIPHARM-OUTSTATION'!F5+'LABOREX OUTSTATION'!F5+'CAMED & TEDIS OUTSTATION'!F5 -> 190 | G4: =C4*F4 -> 188.1 | H4: ='OUTSTATION-AFRICA LAB '!H5+'UBIPHARM-OUTSTATION'!H5+'LABOREX OUTSTATION'!H5+'CAMED & TEDIS OUTSTATION'!H5 -> 262 | I4: =H4*C4 -> 259.38 | J4: ='OUTSTATION-AFRICA LAB '!J5+'UBIPHARM-OUTSTATION'!J5+'LABOREX OUTSTATION'!J5+'CAMED & TEDIS OUTSTATION'!J5 -> 224 | K4: =J4*C4 -> 221.76 | L4: ='OUTSTATION-AFRICA LAB '!L5+'UBIPHARM-OUTSTATION'!L5+'LABOREX OUTSTATION'!L5+'CAMED & TEDIS OUTSTATION'!L5 -> 1445 | M4: =L4*C4 -> 1430.55 | N4: ='OUTSTATION-AFRICA LAB '!N5+'UBIPHARM-OUTSTATION'!N5+'LABOREX OUTSTATION'!N5+'CAMED & TEDIS OUTSTATION'!N5 -> 98 | O4: =C4*N4 -> 97.02 | P4: ='OUTSTATION-AFRICA LAB '!P5+'UBIPHARM-OUTSTATION'!P5+'LABOREX OUTSTATION'!P5+'CAMED & TEDIS OUTSTATION'!P5 -> 1505 | Q4: =P4*C4 -> 1489.95 | R4: ='OUTSTATION-AFRICA LAB '!R5+'UBIPHARM-OUTSTATION'!R5+'LABOREX OUTSTATION'!R5+'CAMED & TEDIS OUTSTATION'!R5 -> 1535 | S4: =R4*C4 -> 1519.65 | T4: ='OUTSTATION-AFRICA LAB '!T5+'UBIPHARM-OUTSTATION'!T5+'LABOREX OUTSTATION'!T5+'CAMED & TEDIS OUTSTATION'!T5 -> 296 | U4: =T4*C4 -> 293.04 | V4: ='OUTSTATION-AFRICA LAB '!V5+'UBIPHARM-OUTSTATION'!V5+'LABOREX OUTSTATION'!V5+'CAMED & TEDIS OUTSTATION'!V5 -> 6016 | W4: =V4*C4 -> 5955.84 | X4: =D4+F4+H4+J4+L4+N4+P4+R4+T4+V4 -> 12371 | Y4: =X4*C4 -> 12247.29
A5: 2 | B5: BACTOXIME SYRP | C5: 2.29 | D5: ='OUTSTATION-AFRICA LAB '!D6+'UBIPHARM-OUTSTATION'!D6+'LABOREX OUTSTATION'!D6+'CAMED & TEDIS OUTSTATION'!D6 -> 50 | E5: =D5*C5 -> 114.5 | F5: ='OUTSTATION-AFRICA LAB '!F6+'UBIPHARM-OUTSTATION'!F6+'LABOREX OUTSTATION'!F6+'CAMED & TEDIS OUTSTATION'!F6 -> 44 | G5: =C5*F5 -> 100.76 | H5: ='OUTSTATION-AFRICA LAB '!H6+'UBIPHARM-OUTSTATION'!H6+'LABOREX OUTSTATION'!H6+'CAMED & TEDIS OUTSTATION'!H6 -> 16 | I5: =H5*C5 -> 36.64 | J5: ='OUTSTATION-AFRICA LAB '!J6+'UBIPHARM-OUTSTATION'!J6+'LABOREX OUTSTATION'!J6+'CAMED & TEDIS OUTSTATION'!J6 -> 10 | K5: =J5*C5 -> 22.9 | L5: ='OUTSTATION-AFRICA LAB '!L6+'UBIPHARM-OUTSTATION'!L6+'LABOREX OUTSTATION'!L6+'CAMED & TEDIS OUTSTATION'!L6 -> 16 | M5: =L5*C5 -> 36.64 | N5: ='OUTSTATION-AFRICA LAB '!N6+'UBIPHARM-OUTSTATION'!N6+'LABOREX OUTSTATION'!N6+'CAMED & TEDIS OUTSTATION'!N6 -> 49 | O5: =C5*N5 -> 112.21 | P5: ='OUTSTATION-AFRICA LAB '!P6+'UBIPHARM-OUTSTATION'!P6+'LABOREX OUTSTATION'!P6+'CAMED & TEDIS OUTSTATION'!P6 -> 34 | Q5: =P5*C5 -> 77.86 | R5: ='OUTSTATION-AFRICA LAB '!R6+'UBIPHARM-OUTSTATION'!R6+'LABOREX OUTSTATION'!R6+'CAMED & TEDIS OUTSTATION'!R6 -> 170 | S5: =R5*C5 -> 389.3 | T5: ='OUTSTATION-AFRICA LAB '!T6+'UBIPHARM-OUTSTATION'!T6+'LABOREX OUTSTATION'!T6+'CAMED & TEDIS OUTSTATION'!T6 -> 39 | U5: =T5*C5 -> 89.31 | V5: ='OUTSTATION-AFRICA LAB '!V6+'UBIPHARM-OUTSTATION'!V6+'LABOREX OUTSTATION'!V6+'CAMED & TEDIS OUTSTATION'!V6 -> 44 | W5: =V5*C5 -> 100.76 | X5: =D5+F5+H5+J5+L5+N5+P5+R5+T5+V5 -> 472 | Y5: =X5*C5 -> 1080.88
A6: 3 | B6: BACTOXIME 200 | C6: 3.66 | D6: ='OUTSTATION-AFRICA LAB '!D7+'UBIPHARM-OUTSTATION'!D7+'LABOREX OUTSTATION'!D7+'CAMED & TEDIS OUTSTATION'!D7 -> 280 | E6: =D6*C6 -> 1024.8 | F6: ='OUTSTATION-AFRICA LAB '!F7+'UBIPHARM-OUTSTATION'!F7+'LABOREX OUTSTATION'!F7+'CAMED & TEDIS OUTSTATION'!F7 -> 66 | G6: =C6*F6 -> 241.56 | H6: ='OUTSTATION-AFRICA LAB '!H7+'UBIPHARM-OUTSTATION'!H7+'LABOREX OUTSTATION'!H7+'CAMED & TEDIS OUTSTATION'!H7 -> 119 | I6: =H6*C6 -> 435.54 | J6: ='OUTSTATION-AFRICA LAB '!J7+'UBIPHARM-OUTSTATION'!J7+'LABOREX OUTSTATION'!J7+'CAMED & TEDIS OUTSTATION'!J7 -> 181 | K6: =J6*C6 -> 662.46 | L6: ='OUTSTATION-AFRICA LAB '!L7+'UBIPHARM-OUTSTATION'!L7+'LABOREX OUTSTATION'!L7+'CAMED & TEDIS OUTSTATION'!L7 -> 50 | M6: =L6*C6 -> 183 | N6: ='OUTSTATION-AFRICA LAB '!N7+'UBIPHARM-OUTSTATION'!N7+'LABOREX OUTSTATION'!N7+'CAMED & TEDIS OUTSTATION'!N7 -> 76 | O6: =C6*N6 -> 278.16 | P6: ='OUTSTATION-AFRICA LAB '!P7+'UBIPHARM-OUTSTATION'!P7+'LABOREX OUTSTATION'!P7+'CAMED & TEDIS OUTSTATION'!P7 -> 254 | Q6: =P6*C6 -> 929.64 | R6: ='OUTSTATION-AFRICA LAB '!R7+'UBIPHARM-OUTSTATION'!R7+'LABOREX OUTSTATION'!R7+'CAMED & TEDIS OUTSTATION'!R7 -> 348 | S6: =R6*C6 -> 1273.68 | T6: ='OUTSTATION-AFRICA LAB '!T7+'UBIPHARM-OUTSTATION'!T7+'LABOREX OUTSTATION'!T7+'CAMED & TEDIS OUTSTATION'!T7 -> 76 | U6: =T6*C6 -> 278.16 | V6: ='OUTSTATION-AFRICA LAB '!V7+'UBIPHARM-OUTSTATION'!V7+'LABOREX OUTSTATION'!V7+'CAMED & TEDIS OUTSTATION'!V7 -> 103 | W6: =V6*C6 -> 376.98 | X6: =D6+F6+H6+J6+L6+N6+P6+R6+T6+V6 -> 1553 | Y6: =X6*C6 -> 5683.98
A7: 4 | B7: ESOPRA 20 | C7: 2.81 | D7: ='OUTSTATION-AFRICA LAB '!D8+'UBIPHARM-OUTSTATION'!D8+'LABOREX OUTSTATION'!D8+'CAMED & TEDIS OUTSTATION'!D8 -> 35 | E7: =D7*C7 -> 98.35 | F7: ='OUTSTATION-AFRICA LAB '!F8+'UBIPHARM-OUTSTATION'!F8+'LABOREX OUTSTATION'!F8+'CAMED & TEDIS OUTSTATION'!F8 -> 11 | G7: =C7*F7 -> 30.91 | H7: ='OUTSTATION-AFRICA LAB '!H8+'UBIPHARM-OUTSTATION'!H8+'LABOREX OUTSTATION'!H8+'CAMED & TEDIS OUTSTATION'!H8 -> 15 | I7: =H7*C7 -> 42.15 | J7: ='OUTSTATION-AFRICA LAB '!J8+'UBIPHARM-OUTSTATION'!J8+'LABOREX OUTSTATION'!J8+'CAMED & TEDIS OUTSTATION'!J8 -> 0 | K7: =J7*C7 -> 0 | L7: ='OUTSTATION-AFRICA LAB '!L8+'UBIPHARM-OUTSTATION'!L8+'LABOREX OUTSTATION'!L8+'CAMED & TEDIS OUTSTATION'!L8 -> 11 | M7: =L7*C7 -> 30.91 | N7: ='OUTSTATION-AFRICA LAB '!N8+'UBIPHARM-OUTSTATION'!N8+'LABOREX OUTSTATION'!N8+'CAMED & TEDIS OUTSTATION'!N8 -> 11 | O7: =C7*N7 -> 30.91 | P7: ='OUTSTATION-AFRICA LAB '!P8+'UBIPHARM-OUTSTATION'!P8+'LABOREX OUTSTATION'!P8+'CAMED & TEDIS OUTSTATION'!P8 -> 21 | Q7: =P7*C7 -> 59.01 | R7: ='OUTSTATION-AFRICA LAB '!R8+'UBIPHARM-OUTSTATION'!R8+'LABOREX OUTSTATION'!R8+'CAMED & TEDIS OUTSTATION'!R8 -> 7 | S7: =R7*C7 -> 19.67 | T7: ='OUTSTATION-AFRICA LAB '!T8+'UBIPHARM-OUTSTATION'!T8+'LABOREX OUTSTATION'!T8+'CAMED & TEDIS OUTSTATION'!T8 -> 29 | U7: =T7*C7 -> 81.49 | V7: ='OUTSTATION-AFRICA LAB '!V8+'UBIPHARM-OUTSTATION'!V8+'LABOREX OUTSTATION'!V8+'CAMED & TEDIS OUTSTATION'!V8 -> 14 | W7: =V7*C7 -> 39.34 | X7: =D7+F7+H7+J7+L7+N7+P7+R7+T7+V7 -> 154 | Y7: =X7*C7 -> 432.74
A8: 5 | B8: ESOPRA 40 | C8: 3.46 | D8: ='OUTSTATION-AFRICA LAB '!D9+'UBIPHARM-OUTSTATION'!D9+'LABOREX OUTSTATION'!D9+'CAMED & TEDIS OUTSTATION'!D9 -> 140 | E8: =D8*C8 -> 484.4 | F8: ='OUTSTATION-AFRICA LAB '!F9+'UBIPHARM-OUTSTATION'!F9+'LABOREX OUTSTATION'!F9+'CAMED & TEDIS OUTSTATION'!F9 -> 38 | G8: =C8*F8 -> 131.48 | H8: ='OUTSTATION-AFRICA LAB '!H9+'UBIPHARM-OUTSTATION'!H9+'LABOREX OUTSTATION'!H9+'CAMED & TEDIS OUTSTATION'!H9 -> 41 | I8: =H8*C8 -> 141.86 | J8: ='OUTSTATION-AFRICA LAB '!J9+'UBIPHARM-OUTSTATION'!J9+'LABOREX OUTSTATION'!J9+'CAMED & TEDIS OUTSTATION'!J9 -> 116 | K8: =J8*C8 -> 401.36 | L8: ='OUTSTATION-AFRICA LAB '!L9+'UBIPHARM-OUTSTATION'!L9+'LABOREX OUTSTATION'!L9+'CAMED & TEDIS OUTSTATION'!L9 -> 39 | M8: =L8*C8 -> 134.94 | N8: ='OUTSTATION-AFRICA LAB '!N9+'UBIPHARM-OUTSTATION'!N9+'LABOREX OUTSTATION'!N9+'CAMED & TEDIS OUTSTATION'!N9 -> 25 | O8: =C8*N8 -> 86.5 | P8: ='OUTSTATION-AFRICA LAB '!P9+'UBIPHARM-OUTSTATION'!P9+'LABOREX OUTSTATION'!P9+'CAMED & TEDIS OUTSTATION'!P9 -> 46 | Q8: =P8*C8 -> 159.16 | R8: ='OUTSTATION-AFRICA LAB '!R9+'UBIPHARM-OUTSTATION'!R9+'LABOREX OUTSTATION'!R9+'CAMED & TEDIS OUTSTATION'!R9 -> 75 | S8: =R8*C8 -> 259.5 | T8: ='OUTSTATION-AFRICA LAB '!T9+'UBIPHARM-OUTSTATION'!T9+'LABOREX OUTSTATION'!T9+'CAMED & TEDIS OUTSTATION'!T9 -> 23 | U8: =T8*C8 -> 79.58 | V8: ='OUTSTATION-AFRICA LAB '!V9+'UBIPHARM-OUTSTATION'!V9+'LABOREX OUTSTATION'!V9+'CAMED & TEDIS OUTSTATION'!V9 -> 70 | W8: =V8*C8 -> 242.2 | X8: =D8+F8+H8+J8+L8+N8+P8+R8+T8+V8 -> 613 | Y8: =X8*C8 -> 2120.98
A9: 6 | B9: METAREN | C9: 1.06 | D9: ='OUTSTATION-AFRICA LAB '!D10+'UBIPHARM-OUTSTATION'!D10+'LABOREX OUTSTATION'!D10+'CAMED & TEDIS OUTSTATION'!D10 -> 0 | E9: =D9*C9 -> 0 | F9: ='OUTSTATION-AFRICA LAB '!F10+'UBIPHARM-OUTSTATION'!F10+'LABOREX OUTSTATION'!F10+'CAMED & TEDIS OUTSTATION'!F10 -> 0 | G9: =C9*F9 -> 0 | H9: ='OUTSTATION-AFRICA LAB '!H10+'UBIPHARM-OUTSTATION'!H10+'LABOREX OUTSTATION'!H10+'CAMED & TEDIS OUTSTATION'!H10 -> 28 | I9: =H9*C9 -> 29.68 | J9: ='OUTSTATION-AFRICA LAB '!J10+'UBIPHARM-OUTSTATION'!J10+'LABOREX OUTSTATION'!J10+'CAMED & TEDIS OUTSTATION'!J10 -> 1 | K9: =J9*C9 -> 1.06 | L9: ='OUTSTATION-AFRICA LAB '!L10+'UBIPHARM-OUTSTATION'!L10+'LABOREX OUTSTATION'!L10+'CAMED & TEDIS OUTSTATION'!L10 -> 0 | M9: =L9*C9 -> 0 | N9: ='OUTSTATION-AFRICA LAB '!N10+'UBIPHARM-OUTSTATION'!N10+'LABOREX OUTSTATION'!N10+'CAMED & TEDIS OUTSTATION'!N10 -> 4 | O9: =C9*N9 -> 4.24 | P9: ='OUTSTATION-AFRICA LAB '!P10+'UBIPHARM-OUTSTATION'!P10+'LABOREX OUTSTATION'!P10+'CAMED & TEDIS OUTSTATION'!P10 -> 0 | Q9: =P9*C9 -> 0 | R9: ='OUTSTATION-AFRICA LAB '!R10+'UBIPHARM-OUTSTATION'!R10+'LABOREX OUTSTATION'!R10+'CAMED & TEDIS OUTSTATION'!R10 -> 0 | S9: =R9*C9 -> 0 | T9: ='OUTSTATION-AFRICA LAB '!T10+'UBIPHARM-OUTSTATION'!T10+'LABOREX OUTSTATION'!T10+'CAMED & TEDIS OUTSTATION'!T10 -> 0 | U9: =T9*C9 -> 0 | V9: ='OUTSTATION-AFRICA LAB '!V10+'UBIPHARM-OUTSTATION'!V10+'LABOREX OUTSTATION'!V10+'CAMED & TEDIS OUTSTATION'!V10 -> 119 | W9: =V9*C9 -> 126.14 | X9: =D9+F9+H9+J9+L9+N9+P9+R9+T9+V9 -> 152 | Y9: =X9*C9 -> 161.12
A10: 7 | B10: DIP3 | C10: 3.63 | D10: ='OUTSTATION-AFRICA LAB '!D11+'UBIPHARM-OUTSTATION'!D11+'LABOREX OUTSTATION'!D11+'CAMED & TEDIS OUTSTATION'!D11 -> 0 | E10: =D10*C10 -> 0 | F10: ='OUTSTATION-AFRICA LAB '!F11+'UBIPHARM-OUTSTATION'!F11+'LABOREX OUTSTATION'!F11+'CAMED & TEDIS OUTSTATION'!F11 -> 0 | G10: =C10*F10 -> 0 | H10: ='OUTSTATION-AFRICA LAB '!H11+'UBIPHARM-OUTSTATION'!H11+'LABOREX OUTSTATION'!H11+'CAMED & TEDIS OUTSTATION'!H11 -> 2 | I10: =H10*C10 -> 7.26 | J10: ='OUTSTATION-AFRICA LAB '!J11+'UBIPHARM-OUTSTATION'!J11+'LABOREX OUTSTATION'!J11+'CAMED & TEDIS OUTSTATION'!J11 -> 0 | K10: =J10*C10 -> 0 | L10: ='OUTSTATION-AFRICA LAB '!L11+'UBIPHARM-OUTSTATION'!L11+'LABOREX OUTSTATION'!L11+'CAMED & TEDIS OUTSTATION'!L11 -> 0 | M10: =L10*C10 -> 0 | N10: ='OUTSTATION-AFRICA LAB '!N11+'UBIPHARM-OUTSTATION'!N11+'LABOREX OUTSTATION'!N11+'CAMED & TEDIS OUTSTATION'!N11 -> 0 | O10: =C10*N10 -> 0 | P10: ='OUTSTATION-AFRICA LAB '!P11+'UBIPHARM-OUTSTATION'!P11+'LABOREX OUTSTATION'!P11+'CAMED & TEDIS OUTSTATION'!P11 -> 0 | Q10: =P10*C10 -> 0 | R10: ='OUTSTATION-AFRICA LAB '!R11+'UBIPHARM-OUTSTATION'!R11+'LABOREX OUTSTATION'!R11+'CAMED & TEDIS OUTSTATION'!R11 -> 0 | S10: =R10*C10 -> 0 | T10: ='OUTSTATION-AFRICA LAB '!T11+'UBIPHARM-OUTSTATION'!T11+'LABOREX OUTSTATION'!T11+'CAMED & TEDIS OUTSTATION'!T11 -> 0 | U10: =T10*C10 -> 0 | V10: ='OUTSTATION-AFRICA LAB '!V11+'UBIPHARM-OUTSTATION'!V11+'LABOREX OUTSTATION'!V11+'CAMED & TEDIS OUTSTATION'!V11 -> 3 | W10: =V10*C10 -> 10.89 | X10: =D10+F10+H10+J10+L10+N10+P10+R10+T10+V10 -> 5 | Y10: =X10*C10 -> 18.15
A11: 8 | B11: PALUCURE 20/120 | C11: 0.85 | D11: ='OUTSTATION-AFRICA LAB '!D12+'UBIPHARM-OUTSTATION'!D12+'LABOREX OUTSTATION'!D12+'CAMED & TEDIS OUTSTATION'!D12 -> 10 | E11: =D11*C11 -> 8.5 | F11: ='OUTSTATION-AFRICA LAB '!F12+'UBIPHARM-OUTSTATION'!F12+'LABOREX OUTSTATION'!F12+'CAMED & TEDIS OUTSTATION'!F12 -> 8 | G11: =C11*F11 -> 6.8 | H11: ='OUTSTATION-AFRICA LAB '!H12+'UBIPHARM-OUTSTATION'!H12+'LABOREX OUTSTATION'!H12+'CAMED & TEDIS OUTSTATION'!H12 -> 44 | I11: =H11*C11 -> 37.4 | J11: ='OUTSTATION-AFRICA LAB '!J12+'UBIPHARM-OUTSTATION'!J12+'LABOREX OUTSTATION'!J12+'CAMED & TEDIS OUTSTATION'!J12 -> 0 | K11: =J11*C11 -> 0 | L11: ='OUTSTATION-AFRICA LAB '!L12+'UBIPHARM-OUTSTATION'!L12+'LABOREX OUTSTATION'!L12+'CAMED & TEDIS OUTSTATION'!L12 -> 7 | M11: =L11*C11 -> 5.95 | N11: ='OUTSTATION-AFRICA LAB '!N12+'UBIPHARM-OUTSTATION'!N12+'LABOREX OUTSTATION'!N12+'CAMED & TEDIS OUTSTATION'!N12 -> 0 | O11: =C11*N11 -> 0 | P11: ='OUTSTATION-AFRICA LAB '!P12+'UBIPHARM-OUTSTATION'!P12+'LABOREX OUTSTATION'!P12+'CAMED & TEDIS OUTSTATION'!P12 -> 5 | Q11: =P11*C11 -> 4.25 | R11: ='OUTSTATION-AFRICA LAB '!R12+'UBIPHARM-OUTSTATION'!R12+'LABOREX OUTSTATION'!R12+'CAMED & TEDIS OUTSTATION'!R12 -> 2 | S11: =R11*C11 -> 1.7 | T11: ='OUTSTATION-AFRICA LAB '!T12+'UBIPHARM-OUTSTATION'!T12+'LABOREX OUTSTATION'!T12+'CAMED & TEDIS OUTSTATION'!T12 -> 0 | U11: =T11*C11 -> 0 | V11: ='OUTSTATION-AFRICA LAB '!V12+'UBIPHARM-OUTSTATION'!V12+'LABOREX OUTSTATION'!V12+'CAMED & TEDIS OUTSTATION'!V12 -> 11 | W11: =V11*C11 -> 9.35 | X11: =D11+F11+H11+J11+L11+N11+P11+R11+T11+V11 -> 87 | Y11: =X11*C11 -> 73.95
A12: 9 | B12: PALUCURE 80/480 | C12: 1.98 | D12: ='OUTSTATION-AFRICA LAB '!D13+'UBIPHARM-OUTSTATION'!D13+'LABOREX OUTSTATION'!D13+'CAMED & TEDIS OUTSTATION'!D13 -> 160 | E12: =D12*C12 -> 316.8 | F12: ='OUTSTATION-AFRICA LAB '!F13+'UBIPHARM-OUTSTATION'!F13+'LABOREX OUTSTATION'!F13+'CAMED & TEDIS OUTSTATION'!F13 -> 122 | G12: =C12*F12 -> 241.56 | H12: ='OUTSTATION-AFRICA LAB '!H13+'UBIPHARM-OUTSTATION'!H13+'LABOREX OUTSTATION'!H13+'CAMED & TEDIS OUTSTATION'!H13 -> 213 | I12: =H12*C12 -> 421.74 | J12: ='OUTSTATION-AFRICA LAB '!J13+'UBIPHARM-OUTSTATION'!J13+'LABOREX OUTSTATION'!J13+'CAMED & TEDIS OUTSTATION'!J13 -> 823 | K12: =J12*C12 -> 1629.54 | L12: ='OUTSTATION-AFRICA LAB '!L13+'UBIPHARM-OUTSTATION'!L13+'LABOREX OUTSTATION'!L13+'CAMED & TEDIS OUTSTATION'!L13 -> 28 | M12: =L12*C12 -> 55.44 | N12: ='OUTSTATION-AFRICA LAB '!N13+'UBIPHARM-OUTSTATION'!N13+'LABOREX OUTSTATION'!N13+'CAMED & TEDIS OUTSTATION'!N13 -> 108 | O12: =C12*N12 -> 213.84 | P12: ='OUTSTATION-AFRICA LAB '!P13+'UBIPHARM-OUTSTATION'!P13+'LABOREX OUTSTATION'!P13+'CAMED & TEDIS OUTSTATION'!P13 -> 304 | Q12: =P12*C12 -> 601.92 | R12: ='OUTSTATION-AFRICA LAB '!R13+'UBIPHARM-OUTSTATION'!R13+'LABOREX OUTSTATION'!R13+'CAMED & TEDIS OUTSTATION'!R13 -> 532 | S12: =R12*C12 -> 1053.36 | T12: ='OUTSTATION-AFRICA LAB '!T13+'UBIPHARM-OUTSTATION'!T13+'LABOREX OUTSTATION'!T13+'CAMED & TEDIS OUTSTATION'!T13 -> 156 | U12: =T12*C12 -> 308.88 | V12: ='OUTSTATION-AFRICA LAB '!V13+'UBIPHARM-OUTSTATION'!V13+'LABOREX OUTSTATION'!V13+'CAMED & TEDIS OUTSTATION'!V13 -> 284 | W12: =V12*C12 -> 562.32 | X12: =D12+F12+H12+J12+L12+N12+P12+R12+T12+V12 -> 2730 | Y12: =X12*C12 -> 5405.4
A13: 10 | B13: PALUCURE 40/240 | C13: 1.98 | D13: ='OUTSTATION-AFRICA LAB '!D14+'UBIPHARM-OUTSTATION'!D14+'LABOREX OUTSTATION'!D14+'CAMED & TEDIS OUTSTATION'!D14 -> 40 | E13: =D13*C13 -> 79.2 | F13: ='OUTSTATION-AFRICA LAB '!F14+'UBIPHARM-OUTSTATION'!F14+'LABOREX OUTSTATION'!F14+'CAMED & TEDIS OUTSTATION'!F14 -> 107 | G13: =C13*F13 -> 211.86 | H13: ='OUTSTATION-AFRICA LAB '!H14+'UBIPHARM-OUTSTATION'!H14+'LABOREX OUTSTATION'!H14+'CAMED & TEDIS OUTSTATION'!H14 -> 36 | I13: =H13*C13 -> 71.28 | J13: ='OUTSTATION-AFRICA LAB '!J14+'UBIPHARM-OUTSTATION'!J14+'LABOREX OUTSTATION'!J14+'CAMED & TEDIS OUTSTATION'!J14 -> 62 | K13: =J13*C13 -> 122.76 | L13: ='OUTSTATION-AFRICA LAB '!L14+'UBIPHARM-OUTSTATION'!L14+'LABOREX OUTSTATION'!L14+'CAMED & TEDIS OUTSTATION'!L14 -> 35 | M13: =L13*C13 -> 69.3 | N13: ='OUTSTATION-AFRICA LAB '!N14+'UBIPHARM-OUTSTATION'!N14+'LABOREX OUTSTATION'!N14+'CAMED & TEDIS OUTSTATION'!N14 -> 21 | O13: =C13*N13 -> 41.58 | P13: ='OUTSTATION-AFRICA LAB '!P14+'UBIPHARM-OUTSTATION'!P14+'LABOREX OUTSTATION'!P14+'CAMED & TEDIS OUTSTATION'!P14 -> 27 | Q13: =P13*C13 -> 53.46 | R13: ='OUTSTATION-AFRICA LAB '!R14+'UBIPHARM-OUTSTATION'!R14+'LABOREX OUTSTATION'!R14+'CAMED & TEDIS OUTSTATION'!R14 -> 61 | S13: =R13*C13 -> 120.78 | T13: ='OUTSTATION-AFRICA LAB '!T14+'UBIPHARM-OUTSTATION'!T14+'LABOREX OUTSTATION'!T14+'CAMED & TEDIS OUTSTATION'!T14 -> 25 | U13: =T13*C13 -> 49.5 | V13: ='OUTSTATION-AFRICA LAB '!V14+'UBIPHARM-OUTSTATION'!V14+'LABOREX OUTSTATION'!V14+'CAMED & TEDIS OUTSTATION'!V14 -> 50 | W13: =V13*C13 -> 99 | X13: =D13+F13+H13+J13+L13+N13+P13+R13+T13+V13 -> 464 | Y13: =X13*C13 -> 918.72
A14: 11 | B14: TRACLAV1125 | C14: 4.69 | D14: ='OUTSTATION-AFRICA LAB '!D15+'UBIPHARM-OUTSTATION'!D15+'LABOREX OUTSTATION'!D15+'CAMED & TEDIS OUTSTATION'!D15 -> 0 | E14: =D14*C14 -> 0 | F14: ='OUTSTATION-AFRICA LAB '!F15+'UBIPHARM-OUTSTATION'!F15+'LABOREX OUTSTATION'!F15+'CAMED & TEDIS OUTSTATION'!F15 -> 2 | G14: =C14*F14 -> 9.38 | H14: ='OUTSTATION-AFRICA LAB '!H15+'UBIPHARM-OUTSTATION'!H15+'LABOREX OUTSTATION'!H15+'CAMED & TEDIS OUTSTATION'!H15 -> 65 | I14: =H14*C14 -> 304.85 | J14: ='OUTSTATION-AFRICA LAB '!J15+'UBIPHARM-OUTSTATION'!J15+'LABOREX OUTSTATION'!J15+'CAMED & TEDIS OUTSTATION'!J15 -> 2 | K14: =J14*C14 -> 9.38 | L14: ='OUTSTATION-AFRICA LAB '!L15+'UBIPHARM-OUTSTATION'!L15+'LABOREX OUTSTATION'!L15+'CAMED & TEDIS OUTSTATION'!L15 -> 24 | M14: =L14*C14 -> 112.56 | N14: ='OUTSTATION-AFRICA LAB '!N15+'UBIPHARM-OUTSTATION'!N15+'LABOREX OUTSTATION'!N15+'CAMED & TEDIS OUTSTATION'!N15 -> 21 | O14: =C14*N14 -> 98.49 | P14: ='OUTSTATION-AFRICA LAB '!P15+'UBIPHARM-OUTSTATION'!P15+'LABOREX OUTSTATION'!P15+'CAMED & TEDIS OUTSTATION'!P15 -> 0 | Q14: =P14*C14 -> 0 | R14: ='OUTSTATION-AFRICA LAB '!R15+'UBIPHARM-OUTSTATION'!R15+'LABOREX OUTSTATION'!R15+'CAMED & TEDIS OUTSTATION'!R15 -> 0 | S14: =R14*C14 -> 0 | T14: ='OUTSTATION-AFRICA LAB '!T15+'UBIPHARM-OUTSTATION'!T15+'LABOREX OUTSTATION'!T15+'CAMED & TEDIS OUTSTATION'!T15 -> 0 | U14: =T14*C14 -> 0 | V14: ='OUTSTATION-AFRICA LAB '!V15+'UBIPHARM-OUTSTATION'!V15+'LABOREX OUTSTATION'!V15+'CAMED & TEDIS OUTSTATION'!V15 -> 26 | W14: =V14*C14 -> 121.94 | X14: =D14+F14+H14+J14+L14+N14+P14+R14+T14+V14 -> 140 | Y14: =X14*C14 -> 656.6
A15: 12 | B15: TRACLAV 625 | C15: 2.9 | D15: ='OUTSTATION-AFRICA LAB '!D16+'UBIPHARM-OUTSTATION'!D16+'LABOREX OUTSTATION'!D16+'CAMED & TEDIS OUTSTATION'!D16 -> 0 | E15: =D15*C15 -> 0 | F15: ='OUTSTATION-AFRICA LAB '!F16+'UBIPHARM-OUTSTATION'!F16+'LABOREX OUTSTATION'!F16+'CAMED & TEDIS OUTSTATION'!F16 -> 0 | G15: =C15*F15 -> 0 | H15: ='OUTSTATION-AFRICA LAB '!H16+'UBIPHARM-OUTSTATION'!H16+'LABOREX OUTSTATION'!H16+'CAMED & TEDIS OUTSTATION'!H16 -> 23 | I15: =H15*C15 -> 66.7 | J15: ='OUTSTATION-AFRICA LAB '!J16+'UBIPHARM-OUTSTATION'!J16+'LABOREX OUTSTATION'!J16+'CAMED & TEDIS OUTSTATION'!J16 -> 0 | K15: =J15*C15 -> 0 | L15: ='OUTSTATION-AFRICA LAB '!L16+'UBIPHARM-OUTSTATION'!L16+'LABOREX OUTSTATION'!L16+'CAMED & TEDIS OUTSTATION'!L16 -> 2 | M15: =L15*C15 -> 5.8 | N15: ='OUTSTATION-AFRICA LAB '!N16+'UBIPHARM-OUTSTATION'!N16+'LABOREX OUTSTATION'!N16+'CAMED & TEDIS OUTSTATION'!N16 -> 2 | O15: =C15*N15 -> 5.8 | P15: ='OUTSTATION-AFRICA LAB '!P16+'UBIPHARM-OUTSTATION'!P16+'LABOREX OUTSTATION'!P16+'CAMED & TEDIS OUTSTATION'!P16 -> 0 | Q15: =P15*C15 -> 0 | R15: ='OUTSTATION-AFRICA LAB '!R16+'UBIPHARM-OUTSTATION'!R16+'LABOREX OUTSTATION'!R16+'CAMED & TEDIS OUTSTATION'!R16 -> 0 | S15: =R15*C15 -> 0 | T15: ='OUTSTATION-AFRICA LAB '!T16+'UBIPHARM-OUTSTATION'!T16+'LABOREX OUTSTATION'!T16+'CAMED & TEDIS OUTSTATION'!T16 -> 0 | U15: =T15*C15 -> 0 | V15: ='OUTSTATION-AFRICA LAB '!V16+'UBIPHARM-OUTSTATION'!V16+'LABOREX OUTSTATION'!V16+'CAMED & TEDIS OUTSTATION'!V16 -> 1 | W15: =V15*C15 -> 2.9 | X15: =D15+F15+H15+J15+L15+N15+P15+R15+T15+V15 -> 28 | Y15: =X15*C15 -> 81.2
... A20: 17 | B20: TUMI | C20: 2 | D20: ='OUTSTATION-AFRICA LAB '!D21+'UBIPHARM-OUTSTATION'!D21+'LABOREX OUTSTATION'!D21+'CAMED & TEDIS OUTSTATION'!D21 -> 0 | E20: =D20*C20 -> 0 | F20: ='OUTSTATION-AFRICA LAB '!F21+'UBIPHARM-OUTSTATION'!F21+'LABOREX OUTSTATION'!F21+'CAMED & TEDIS OUTSTATION'!F21 -> 0 | G20: =C20*F20 -> 0 | H20: ='OUTSTATION-AFRICA LAB '!H21+'UBIPHARM-OUTSTATION'!H21+'LABOREX OUTSTATION'!H21+'CAMED & TEDIS OUTSTATION'!H21 -> 42 | I20: =H20*C20 -> 84 | J20: ='OUTSTATION-AFRICA LAB '!J21+'UBIPHARM-OUTSTATION'!J21+'LABOREX OUTSTATION'!J21+'CAMED & TEDIS OUTSTATION'!J21 -> 0 | K20: =J20*C20 -> 0 | L20: ='OUTSTATION-AFRICA LAB '!L21+'UBIPHARM-OUTSTATION'!L21+'LABOREX OUTSTATION'!L21+'CAMED & TEDIS OUTSTATION'!L21 -> 0 | M20: =L20*C20 -> 0 | N20: ='OUTSTATION-AFRICA LAB '!N21+'UBIPHARM-OUTSTATION'!N21+'LABOREX OUTSTATION'!N21+'CAMED & TEDIS OUTSTATION'!N21 -> 0 | O20: =C20*N20 -> 0 | P20: ='OUTSTATION-AFRICA LAB '!P21+'UBIPHARM-OUTSTATION'!P21+'LABOREX OUTSTATION'!P21+'CAMED & TEDIS OUTSTATION'!P21 -> 0 | Q20: =P20*C20 -> 0 | R20: ='OUTSTATION-AFRICA LAB '!R21+'UBIPHARM-OUTSTATION'!R21+'LABOREX OUTSTATION'!R21+'CAMED & TEDIS OUTSTATION'!R21 -> 0 | S20: =R20*C20 -> 0 | T20: ='OUTSTATION-AFRICA LAB '!T21+'UBIPHARM-OUTSTATION'!T21+'LABOREX OUTSTATION'!T21+'CAMED & TEDIS OUTSTATION'!T21 -> 0 | U20: =T20*C20 -> 0 | V20: ='OUTSTATION-AFRICA LAB '!V21+'UBIPHARM-OUTSTATION'!V21+'LABOREX OUTSTATION'!V21+'CAMED & TEDIS OUTSTATION'!V21 -> 0 | W20: =V20*C20 -> 0 | X20: =D20+F20+H20+J20+L20+N20+P20+R20+T20+V20 -> 42 | Y20: =X20*C20 -> 84
B21: TOTAL | E21: =SUM(E4:E20) -> 3266.41 | G21: =SUM(G4:G20) -> 1321.51 | I21: =SUM(I4:I20) -> 2220.92 | K21: =SUM(K4:K20) -> 3143.12 | M21: =SUM(M4:M20) -> 2156.39 | O21: =SUM(O4:O20) -> 1329.15 | Q21: =SUM(Q4:Q20) -> 4089.53 | S21: =SUM(S4:S20) -> 4705.06 | U21: =SUM(U4:U20) -> 1330.6 | W21: =SUM(W4:W20) -> 8419.8 | Y21: =E21+G21+I21+K21+M21+O21+Q21+S21+U21+W21 -> 31982.49
